customer_id,name,age,income,purchase_count,total_spend,gender_female,gender_male,gender_other,city_bengaluru,city_chennai,city_delhi,city_hyderabad,city_mumbai,city_pune,preferred_category_clothing,preferred_category_electronics,preferred_category_grocery,preferred_category_home,preferred_category_sports,satisfaction_high,satisfaction_low,satisfaction_medium
C0001,Customer_0001,0.0,-0.42870245381421296,-0.4016892802540012,-0.2596916287352361,0.0,1.0,0.0,1.0,0.0,0.0,0.0,0.0,0.0,0.0,0.0,1.0,0.0,0.0,0.0,0.0,1.0
C0002,Customer_0002,0.0,1.0298097213257655,0.03492950263078275,0.7818028554716873,0.0,1.0,0.0,0.0,1.0,0.0,0.0,0.0,0.0,0.0,0.0,0.0,0.0,1.0,0.0,0.0,1.0
C0003,Customer_0003,-0.39671191783366944,4.0420784513174974e-16,-1.2749268460235692,-1.1431494182209403,0.0,1.0,0.0,0.0,0.0,1.0,0.0,0.0,0.0,1.0,0.0,0.0,0.0,0.0,0.0,0.0,1.0
C0004,Customer_0004,0.0,-0.7814141853585005,0.03492950263078275,0.9842014177929232,1.0,0.0,0.0,0.0,1.0,0.0,0.0,0.0,0.0,0.0,0.0,0.0,1.0,0.0,0.0,0.0,1.0
C0005,Customer_0005,-0.39671191783366944,-0.633085263760887,-0.8383080631387851,-1.1388285694843872,1.0,0.0,0.0,0.0,1.0,0.0,0.0,0.0,0.0,0.0,0.0,0.0,1.0,0.0,1.0,0.0,0.0
C0006,Customer_0006,-0.24400544659548384,0.4142169197440599,-0.4016892802540012,-1.1372314604284506,0.0,1.0,0.0,0.0,0.0,0.0,0.0,1.0,0.0,0.0,0.0,0.0,1.0,0.0,0.0,1.0,0.0
C0007,Customer_0007,0.21411396711907302,0.412883626066778,-1.2749268460235692,-0.6518110118371369,0.0,1.0,0.0,0.0,0.0,1.0,0.0,0.0,0.0,0.0,0.0,0.0,1.0,0.0,0.0,0.0,1.0
C0008,Customer_0008,1.1303527945481868,-0.6813060517559164,-0.4016892802540012,-1.0516264150302548,1.0,0.0,0.0,0.0,0.0,1.0,0.0,0.0,0.0,0.0,0.0,1.0,0.0,0.0,1.0,0.0,0.0
C0009,Customer_0009,-1.389303980881876,-0.31153927192306435,-0.8383080631387851,-0.029965979739666016,1.0,0.0,0.0,1.0,0.0,0.0,0.0,0.0,0.0,0.0,0.0,0.0,0.0,1.0,0.0,0.0,1.0
C0010,Customer_0010,-1.847423394596433,1.7692321731850296,0.9081670684003507,2.038738697038918,1.0,0.0,0.0,0.0,1.0,0.0,0.0,0.0,0.0,0.0,0.0,0.0,1.0,0.0,0.0,0.0,1.0
C0011,Customer_0011,0.5195269095954442,-0.6640843417576916,-0.4016892802540012,-0.9354355510810308,1.0,0.0,0.0,1.0,0.0,0.0,0.0,0.0,0.0,0.0,1.0,0.0,0.0,0.0,1.0,0.0,0.0
C0012,Customer_0012,-0.9311845671673191,1.8331747157913416,0.03492950263078275,0.09954776339834046,0.0,1.0,0.0,0.0,0.0,1.0,0.0,0.0,0.0,0.0,0.0,0.0,1.0,0.0,0.0,0.0,1.0
C0013,Customer_0013,0.0,1.0260876098100202,-0.4016892802540012,-0.8540364884478775,0.0,1.0,0.0,0.0,0.0,0.0,0.0,0.0,1.0,0.0,0.0,0.0,0.0,1.0,0.0,1.0,0.0
C0014,Customer_0014,-0.16765221097639102,1.6477913407459348,0.03492950263078275,-0.13290634579722363,1.0,0.0,0.0,0.0,1.0,0.0,0.0,0.0,0.0,0.0,0.0,0.0,1.0,0.0,0.0,0.0,1.0
C0015,Customer_0015,0.0,-0.7065830777210528,-0.4016892802540012,-1.0639029124237687,0.0,1.0,0.0,1.0,0.0,0.0,0.0,0.0,0.0,0.0,0.0,1.0,0.0,0.0,0.0,1.0,0.0
C0016,Customer_0016,0.5195269095954442,-0.24609677392981022,0.4715482855155667,-0.3457246678902938,1.0,0.0,0.0,1.0,0.0,0.0,0.0,0.0,0.0,1.0,0.0,0.0,0.0,0.0,1.0,0.0,0.0
C0017,Customer_0017,0.36682043835725864,-0.526699539094434,1.7814046341699186,0.8501323734559652,1.0,0.0,0.0,0.0,0.0,0.0,0.0,0.0,1.0,1.0,0.0,0.0,0.0,0.0,0.0,0.0,1.0
C0018,Customer_0018,0.29046720273816584,1.0491980335495736,-0.8383080631387851,-0.7350951352082329,1.0,0.0,0.0,0.0,0.0,0.0,0.0,0.0,1.0,0.0,0.0,0.0,0.0,1.0,1.0,0.0,0.0
C0019,Customer_0019,1.5121189726436508,-0.6451960146628645,1.3447858512851347,2.657523259073535,0.0,1.0,0.0,0.0,0.0,0.0,0.0,1.0,0.0,1.0,0.0,0.0,0.0,0.0,1.0,0.0,0.0
C0020,Customer_0020,0.29046720273816584,0.6536542426226044,0.03492950263078275,0.6736888001767707,1.0,0.0,0.0,1.0,0.0,0.0,0.0,0.0,0.0,1.0,0.0,0.0,0.0,0.0,0.0,0.0,1.0
C0021,Customer_0021,0.36682043835725864,0.6007113728538682,-1.711545628908353,-1.2326425980794506,0.0,1.0,0.0,0.0,1.0,0.0,0.0,0.0,0.0,0.0,1.0,0.0,0.0,0.0,0.0,0.0,1.0
C0022,Customer_0022,-0.7021248603100407,-0.12560035784545684,-0.8383080631387851,-0.6096882439283489,1.0,0.0,0.0,0.0,0.0,0.0,1.0,0.0,0.0,0.0,0.0,0.0,0.0,1.0,0.0,1.0,0.0
C0023,Customer_0023,1.1303527945481868,1.221081810112501,0.03492950263078275,0.7419443633574729,1.0,0.0,0.0,1.0,0.0,0.0,0.0,0.0,0.0,0.0,0.0,0.0,0.0,1.0,0.0,0.0,1.0
C0024,Customer_0024,-0.4730651534527623,0.030117232880427214,-0.4016892802540012,-0.5916464188688733,0.0,1.0,0.0,0.0,0.0,0.0,0.0,1.0,0.0,1.0,0.0,0.0,0.0,0.0,0.0,1.0,0.0
C0025,Customer_0025,-0.549418389071855,0.7565400713861924,0.4715482855155667,0.8905148432210429,0.0,0.0,1.0,0.0,0.0,0.0,0.0,0.0,1.0,1.0,0.0,0.0,0.0,0.0,1.0,0.0,0.0
C0026,Customer_0026,0.0,-0.5722537397348995,0.03492950263078275,1.0686216128274542,1.0,0.0,0.0,0.0,1.0,0.0,0.0,0.0,0.0,1.0,0.0,0.0,0.0,0.0,1.0,0.0,0.0
C0027,Customer_0027,-0.8548313315482263,4.0420784513174974e-16,0.03492950263078275,-0.37406194571133844,0.0,1.0,0.0,1.0,0.0,0.0,0.0,0.0,0.0,0.0,0.0,1.0,0.0,0.0,0.0,0.0,1.0
C0028,Customer_0028,1.6648254438818364,0.6535986887193843,-0.4016892802540012,-0.022871039115806256,0.0,1.0,0.0,0.0,0.0,0.0,1.0,0.0,0.0,0.0,0.0,0.0,1.0,0.0,0.0,0.0,1.0
C0029,Customer_0029,0.0,0.3532742879116322,1.7814046341699186,2.6894544256470514,1.0,0.0,0.0,0.0,0.0,0.0,1.0,0.0,0.0,0.0,0.0,1.0,0.0,0.0,1.0,0.0,0.0
C0030,Customer_0030,0.21411396711907302,0.16577986454386243,0.4715482855155667,1.417940046736716,0.0,1.0,0.0,1.0,0.0,0.0,0.0,0.0,0.0,0.0,0.0,0.0,0.0,1.0,0.0,0.0,1.0
C0031,Customer_0031,0.36682043835725864,-0.4212026768795022,0.9081670684003507,1.3444336925021612,0.0,1.0,0.0,0.0,0.0,1.0,0.0,0.0,0.0,0.0,1.0,0.0,0.0,0.0,1.0,0.0,0.0
C0032,Customer_0032,0.9776463233100011,1.4716299136350615,-0.8383080631387851,-0.9326992233487416,1.0,0.0,0.0,0.0,0.0,0.0,0.0,1.0,0.0,0.0,0.0,0.0,1.0,0.0,0.0,0.0,1.0
C0033,Customer_0033,-1.6183636877391545,-1.1941241323804743,-1.2749268460235692,-1.1428095408257855,0.0,1.0,0.0,1.0,0.0,0.0,0.0,0.0,0.0,0.0,1.0,0.0,0.0,0.0,0.0,0.0,1.0
C0034,Customer_0034,-1.847423394596433,-1.2488447270522531,-0.8383080631387851,-1.2677113365323143,0.0,1.0,0.0,1.0,0.0,0.0,0.0,0.0,0.0,0.0,0.0,0.0,0.0,1.0,1.0,0.0,0.0
C0035,Customer_0035,-1.312950745262783,0.864592413149248,-1.2749268460235692,-0.7735296039770061,1.0,0.0,0.0,0.0,0.0,0.0,0.0,0.0,1.0,0.0,0.0,0.0,0.0,1.0,0.0,0.0,1.0
C0036,Customer_0036,0.29046720273816584,0.7825392980931899,0.9081670684003507,-0.6635415024893601,0.0,1.0,0.0,0.0,0.0,0.0,0.0,0.0,1.0,0.0,1.0,0.0,0.0,0.0,1.0,0.0,0.0
C0037,Customer_0037,1.053999558929094,0.2762210241453813,-1.2749268460235692,-0.6853597430505575,1.0,0.0,0.0,0.0,0.0,0.0,0.0,0.0,1.0,0.0,1.0,0.0,0.0,0.0,1.0,0.0,0.0
C0038,Customer_0038,-1.6947169233582473,4.0420784513174974e-16,0.03492950263078275,-0.7903440939984221,0.0,1.0,0.0,0.0,0.0,1.0,0.0,0.0,0.0,0.0,1.0,0.0,0.0,0.0,0.0,0.0,1.0
C0039,Customer_0039,0.5195269095954442,0.4248832691623152,0.03492950263078275,-0.6773018164737586,0.0,1.0,0.0,1.0,0.0,0.0,0.0,0.0,0.0,0.0,0.0,0.0,0.0,1.0,0.0,1.0,0.0
C0040,Customer_0040,-1.1602442740245975,1.6432359206818883,0.9081670684003507,0.6265087825085935,1.0,0.0,0.0,1.0,0.0,0.0,0.0,0.0,0.0,1.0,0.0,0.0,0.0,0.0,1.0,0.0,0.0
C0041,Customer_0041,-1.1602442740245975,2.437934506245132,0.03492950263078275,0.5250239099256576,1.0,0.0,0.0,0.0,0.0,0.0,1.0,0.0,0.0,0.0,1.0,0.0,0.0,0.0,1.0,0.0,0.0
C0042,Customer_0042,-0.4730651534527623,-1.733885856066771,0.4715482855155667,-0.5621982454877388,1.0,0.0,0.0,1.0,0.0,0.0,0.0,0.0,0.0,0.0,0.0,0.0,1.0,0.0,0.0,1.0,0.0
C0043,Customer_0043,1.5884722082627436,-0.4964782157427105,0.9081670684003507,0.5180926139735392,1.0,0.0,0.0,0.0,1.0,0.0,0.0,0.0,0.0,0.0,0.0,0.0,0.0,1.0,1.0,0.0,0.0
C0044,Customer_0044,0.6722333808336299,4.0420784513174974e-16,-0.8383080631387851,-0.6787541629354624,1.0,0.0,0.0,0.0,0.0,1.0,0.0,0.0,0.0,0.0,0.0,1.0,0.0,0.0,0.0,0.0,1.0
C0045,Customer_0045,0.595880145214537,1.5489053930141925,0.4715482855155667,-0.3753931321756952,0.0,1.0,0.0,0.0,1.0,0.0,0.0,0.0,0.0,0.0,0.0,1.0,0.0,0.0,0.0,0.0,1.0
C0046,Customer_0046,-0.16765221097639102,-2.299702360363285,1.3447858512851347,-0.27200903729668535,0.0,1.0,0.0,0.0,0.0,0.0,1.0,0.0,0.0,0.0,0.0,0.0,1.0,0.0,1.0,0.0,0.0
C0047,Customer_0047,0.21411396711907302,0.43627181932243164,-0.8383080631387851,-0.22811607462146513,1.0,0.0,0.0,0.0,0.0,0.0,0.0,1.0,0.0,1.0,0.0,0.0,0.0,0.0,0.0,0.0,1.0
C0048,Customer_0048,0.5195269095954442,-0.33437192614651723,0.4715482855155667,0.36429809266592106,1.0,0.0,0.0,1.0,0.0,0.0,0.0,0.0,0.0,0.0,1.0,0.0,0.0,0.0,1.0,0.0,0.0
C0049,Customer_0049,-1.389303980881876,1.5605161587871892,0.03492950263078275,-1.0118576127842067,0.0,0.0,1.0,0.0,0.0,0.0,1.0,0.0,0.0,0.0,0.0,0.0,0.0,1.0,0.0,0.0,1.0
C0050,Customer_0050,0.29046720273816584,1.423464679543252,-0.8383080631387851,-0.27073607057131327,0.0,1.0,0.0,1.0,0.0,0.0,0.0,0.0,0.0,0.0,1.0,0.0,0.0,0.0,0.0,0.0,1.0
C0051,Customer_0051,-1.312950745262783,0.2879428977248182,-0.4016892802540012,0.49845997388396324,0.0,1.0,0.0,0.0,0.0,0.0,0.0,0.0,1.0,0.0,0.0,0.0,0.0,1.0,0.0,0.0,1.0
C0052,Customer_0052,-1.847423394596433,-1.6572214696230607,0.4715482855155667,0.6280272162415774,1.0,0.0,0.0,0.0,0.0,0.0,0.0,1.0,0.0,0.0,0.0,1.0,0.0,0.0,0.0,0.0,1.0
C0053,Customer_0053,-1.6947169233582473,-0.6514180518235134,0.4715482855155667,0.36746713467444914,0.0,1.0,0.0,0.0,0.0,0.0,0.0,1.0,0.0,0.0,1.0,0.0,0.0,0.0,0.0,0.0,1.0
C0054,Customer_0054,-0.09129897535729821,-0.5419213085767358,0.9081670684003507,1.821698657116215,1.0,0.0,0.0,0.0,0.0,0.0,1.0,0.0,0.0,0.0,0.0,0.0,1.0,0.0,0.0,0.0,1.0
C0055,Customer_0055,-0.16765221097639102,-1.4039512248427162,0.4715482855155667,1.5115149023500036,1.0,0.0,0.0,0.0,0.0,0.0,0.0,1.0,0.0,1.0,0.0,0.0,0.0,0.0,0.0,0.0,1.0
C0056,Customer_0056,-1.312950745262783,1.0770305390628336,0.03492950263078275,0.5604057761638723,0.0,1.0,0.0,0.0,1.0,0.0,0.0,0.0,0.0,0.0,0.0,0.0,1.0,0.0,0.0,0.0,1.0
C0057,Customer_0057,1.6648254438818364,-1.530947447603819,-1.2749268460235692,-1.0415496796664938,1.0,0.0,0.0,0.0,0.0,0.0,0.0,1.0,0.0,1.0,0.0,0.0,0.0,0.0,0.0,1.0,0.0
C0058,Customer_0058,0.9012930876909083,1.8877286487534601,0.03492950263078275,0.2156095998179223,1.0,0.0,0.0,1.0,0.0,0.0,0.0,0.0,0.0,0.0,0.0,0.0,0.0,1.0,1.0,0.0,0.0
C0059,Customer_0059,-1.6947169233582473,1.8852287231085565,1.7814046341699186,2.1412258932362693,0.0,1.0,0.0,1.0,0.0,0.0,0.0,0.0,0.0,0.0,1.0,0.0,0.0,0.0,0.0,0.0,1.0
C0060,Customer_0060,0.595880145214537,-0.46259033477846173,-0.8383080631387851,-1.0465581507256523,1.0,0.0,0.0,1.0,0.0,0.0,0.0,0.0,0.0,1.0,0.0,0.0,0.0,0.0,0.0,0.0,1.0
C0061,Customer_0061,0.21411396711907302,0.25094399818024493,1.7814046341699186,1.1710427217535253,1.0,0.0,0.0,1.0,0.0,0.0,0.0,0.0,0.0,0.0,0.0,1.0,0.0,0.0,0.0,0.0,1.0
C0062,Customer_0062,1.6648254438818364,-0.1498218596494117,-1.2749268460235692,-0.7149558260388427,1.0,0.0,0.0,0.0,1.0,0.0,0.0,0.0,0.0,0.0,0.0,0.0,0.0,1.0,0.0,0.0,1.0
C0063,Customer_0063,-1.312950745262783,0.8242602794114698,-1.711545628908353,-1.267771129777758,0.0,1.0,0.0,0.0,0.0,1.0,0.0,0.0,0.0,0.0,0.0,0.0,0.0,1.0,0.0,1.0,0.0
C0064,Customer_0064,0.6722333808336299,1.1970825239214262,-0.4016892802540012,-0.469493538946306,1.0,0.0,0.0,0.0,0.0,0.0,0.0,0.0,1.0,0.0,0.0,0.0,1.0,0.0,0.0,0.0,1.0
C0065,Customer_0065,0.7485866164527227,0.18044609499396352,-0.8383080631387851,-0.44868548953181925,0.0,1.0,0.0,0.0,0.0,0.0,1.0,0.0,0.0,0.0,0.0,0.0,1.0,0.0,0.0,0.0,1.0
C0066,Customer_0066,0.0,0.39155092723026724,-0.4016892802540012,-0.9673824527191377,0.0,1.0,0.0,1.0,0.0,0.0,0.0,0.0,0.0,0.0,1.0,0.0,0.0,0.0,1.0,0.0,0.0
C0067,Customer_0067,-0.09129897535729821,-0.6981388844316007,0.03492950263078275,-0.18953212273908235,1.0,0.0,0.0,0.0,0.0,0.0,0.0,1.0,0.0,0.0,0.0,0.0,1.0,0.0,1.0,0.0,0.0
C0068,Customer_0068,-0.8548313315482263,0.35916300165296067,-1.711545628908353,-1.2089707669094913,0.0,1.0,0.0,1.0,0.0,0.0,0.0,0.0,0.0,0.0,0.0,0.0,0.0,1.0,0.0,0.0,1.0
C0069,Customer_0069,0.5195269095954442,0.08522670487474651,-0.8383080631387851,-1.0131211384708243,0.0,1.0,0.0,0.0,0.0,0.0,0.0,1.0,0.0,0.0,0.0,0.0,0.0,1.0,0.0,1.0,0.0
C0070,Customer_0070,1.5884722082627436,-0.9892968912080395,0.03492950263078275,-0.6473815911549091,1.0,0.0,0.0,0.0,0.0,0.0,0.0,0.0,1.0,1.0,0.0,0.0,0.0,0.0,0.0,0.0,1.0
C0071,Customer_0071,1.3594125014054652,-0.09160136907476792,-0.8383080631387851,-0.08231181911290664,1.0,0.0,0.0,0.0,0.0,0.0,0.0,0.0,1.0,0.0,1.0,0.0,0.0,0.0,0.0,0.0,1.0
C0072,Customer_0072,-0.7021248603100407,-0.46070150206897903,3.0912609828242705,0.908847766975443,1.0,0.0,0.0,0.0,0.0,0.0,0.0,0.0,1.0,0.0,0.0,0.0,0.0,1.0,0.0,1.0,0.0
C0073,Customer_0073,-1.6183636877391545,-0.6870281037875846,-1.2749268460235692,-1.19834802480444,1.0,0.0,0.0,0.0,0.0,0.0,0.0,1.0,0.0,0.0,0.0,1.0,0.0,0.0,0.0,0.0,1.0
C0074,Customer_0074,0.9012930876909083,-1.2240121323128772,-0.8383080631387851,-0.0583536097674002,0.0,1.0,0.0,1.0,0.0,0.0,0.0,0.0,0.0,0.0,1.0,0.0,0.0,0.0,0.0,0.0,1.0
C0075,Customer_0075,-0.32035868221457664,-0.01504809043749777,-0.4016892802540012,0.08026601524913297,0.0,1.0,0.0,0.0,0.0,0.0,0.0,0.0,1.0,0.0,1.0,0.0,0.0,0.0,0.0,0.0,1.0
C0076,Customer_0076,-0.8548313315482263,-0.8580230178989907,1.7814046341699186,2.136107276724977,0.0,1.0,0.0,0.0,1.0,0.0,0.0,0.0,0.0,0.0,0.0,0.0,0.0,1.0,0.0,1.0,0.0
C0077,Customer_0077,0.44317367397635143,-0.5486433308663655,0.03492950263078275,0.7694083450937446,1.0,0.0,0.0,1.0,0.0,0.0,0.0,0.0,0.0,0.0,0.0,1.0,0.0,0.0,0.0,1.0,0.0
C0078,Customer_0078,-0.549418389071855,0.9975329035548992,-0.8383080631387851,-1.146546618666031,1.0,0.0,0.0,0.0,0.0,0.0,0.0,1.0,0.0,1.0,0.0,0.0,0.0,0.0,0.0,1.0,0.0
C0079,Customer_0079,-1.389303980881876,0.5545460792779818,-0.8383080631387851,-0.39439794318811,1.0,0.0,0.0,1.0,0.0,0.0,0.0,0.0,0.0,0.0,0.0,0.0,0.0,1.0,0.0,0.0,1.0
C0080,Customer_0080,-1.1602442740245975,-1.056294898491456,-0.4016892802540012,-0.312325419790483,1.0,0.0,0.0,0.0,0.0,0.0,0.0,1.0,0.0,0.0,0.0,1.0,0.0,0.0,0.0,0.0,1.0
C0081,Customer_0081,-1.389303980881876,0.2743321914358986,-0.4016892802540012,0.24076052705938916,0.0,1.0,0.0,0.0,0.0,0.0,0.0,1.0,0.0,0.0,1.0,0.0,0.0,0.0,0.0,0.0,1.0
C0082,Customer_0082,0.595880145214537,0.05522759713590335,0.9081670684003507,0.7205305139562516,1.0,0.0,0.0,0.0,0.0,0.0,0.0,0.0,1.0,0.0,0.0,1.0,0.0,0.0,0.0,1.0,0.0
C0083,Customer_0083,-0.16765221097639102,1.6241253779741807,0.4715482855155667,0.6645184045334229,0.0,1.0,0.0,1.0,0.0,0.0,0.0,0.0,0.0,0.0,1.0,0.0,0.0,0.0,0.0,0.0,1.0
C0084,Customer_0084,-0.32035868221457664,1.3055792969102424,-0.8383080631387851,-0.6852669061694735,1.0,0.0,0.0,0.0,0.0,0.0,0.0,0.0,1.0,0.0,0.0,0.0,0.0,1.0,0.0,0.0,1.0
C0085,Customer_0085,-0.4730651534527623,-1.6112228377568345,0.4715482855155667,0.3023381288278804,0.0,1.0,0.0,0.0,0.0,0.0,0.0,0.0,1.0,0.0,0.0,0.0,0.0,1.0,0.0,0.0,1.0
C0086,Customer_0086,-0.4730651534527623,0.7835392683511513,0.4715482855155667,1.0410899703134435,1.0,0.0,0.0,1.0,0.0,0.0,0.0,0.0,0.0,0.0,0.0,0.0,1.0,0.0,0.0,1.0,0.0
C0087,Customer_0087,0.8249398520718155,1.1876383603740128,-0.4016892802540012,-0.10010975067122924,0.0,1.0,0.0,0.0,0.0,0.0,1.0,0.0,0.0,0.0,0.0,0.0,1.0,0.0,0.0,0.0,1.0
C0088,Customer_0088,0.0,0.4817704660596771,0.9081670684003507,1.0926317478861087,0.0,1.0,0.0,0.0,0.0,0.0,0.0,0.0,1.0,0.0,0.0,0.0,1.0,0.0,0.0,0.0,1.0
C0089,Customer_0089,-0.549418389071855,-0.41292514529971025,-0.4016892802540012,-0.40308369884207,0.0,1.0,0.0,0.0,1.0,0.0,0.0,0.0,0.0,0.0,0.0,0.0,0.0,1.0,0.0,0.0,1.0
C0090,Customer_0090,-1.77107015897734,4.0420784513174974e-16,0.9081670684003507,0.7888348558371847,1.0,0.0,0.0,0.0,1.0,0.0,0.0,0.0,0.0,1.0,0.0,0.0,0.0,0.0,0.0,1.0,0.0
C0091,Customer_0091,-1.847423394596433,0.5738232836953495,-0.8383080631387851,-0.3437215941679223,1.0,0.0,0.0,0.0,0.0,0.0,0.0,1.0,0.0,0.0,0.0,0.0,0.0,1.0,1.0,0.0,0.0
C0092,Customer_0092,1.6648254438818364,1.8989505372039162,-0.4016892802540012,0.23530518016586027,0.0,1.0,0.0,0.0,1.0,0.0,0.0,0.0,0.0,0.0,0.0,1.0,0.0,0.0,0.0,0.0,1.0
C0093,Customer_0093,-1.5420104521200615,1.273913572074797,0.9081670684003507,1.2808766196081838,0.0,1.0,0.0,0.0,0.0,0.0,0.0,1.0,0.0,0.0,0.0,0.0,0.0,1.0,0.0,0.0,1.0
C0094,Customer_0094,-0.39671191783366944,0.38655107594046006,1.3447858512851347,2.4759500547378352,1.0,0.0,0.0,0.0,0.0,0.0,1.0,0.0,0.0,0.0,0.0,0.0,0.0,1.0,1.0,0.0,0.0
C0095,Customer_0095,-1.0838910384055047,-0.6572512116616218,-1.2749268460235692,-0.7230247671608547,0.0,1.0,0.0,1.0,0.0,0.0,0.0,0.0,0.0,0.0,1.0,0.0,0.0,0.0,1.0,0.0,0.0
C0096,Customer_0096,1.2830592657863724,-0.1016566255576024,1.7814046341699186,1.6094688264388297,1.0,0.0,0.0,1.0,0.0,0.0,0.0,0.0,0.0,0.0,1.0,0.0,0.0,0.0,0.0,0.0,1.0
C0097,Customer_0097,0.0,-0.29942852102108697,0.4715482855155667,0.7949416344047608,1.0,0.0,0.0,1.0,0.0,0.0,0.0,0.0,0.0,0.0,1.0,0.0,0.0,0.0,0.0,0.0,1.0
C0098,Customer_0098,-1.6947169233582473,-1.2920101098542551,-0.4016892802540012,0.4058685598075821,1.0,0.0,0.0,1.0,0.0,0.0,0.0,0.0,0.0,0.0,0.0,0.0,0.0,1.0,0.0,0.0,1.0
C0099,Customer_0099,-0.16765221097639102,4.0420784513174974e-16,0.9081670684003507,1.0507151093234566,0.0,1.0,0.0,0.0,0.0,0.0,1.0,0.0,0.0,1.0,0.0,0.0,0.0,0.0,0.0,1.0,0.0
C0100,Customer_0100,-1.007537802786412,1.4897404860848074,-1.2749268460235692,-0.719215308023493,0.0,0.0,1.0,0.0,1.0,0.0,0.0,0.0,0.0,0.0,0.0,1.0,0.0,0.0,0.0,0.0,1.0
C0101,Customer_0101,-0.39671191783366944,-0.37581513794869686,-1.2749268460235692,-0.8347704753632604,0.0,1.0,0.0,0.0,1.0,0.0,0.0,0.0,0.0,0.0,0.0,1.0,0.0,0.0,0.0,1.0,0.0
C0102,Customer_0102,-1.5420104521200615,2.0860560832491455,-0.8383080631387851,-0.5907038884999017,0.0,1.0,0.0,0.0,0.0,0.0,1.0,0.0,0.0,1.0,0.0,0.0,0.0,0.0,0.0,0.0,1.0
C0103,Customer_0103,0.9012930876909083,-1.6350554622382487,0.03492950263078275,-0.5286857049228764,1.0,0.0,0.0,0.0,0.0,0.0,1.0,0.0,0.0,1.0,0.0,0.0,0.0,0.0,1.0,0.0,0.0
C0104,Customer_0104,0.9776463233100011,0.9768112976538094,0.9081670684003507,0.4762389156692489,1.0,0.0,0.0,0.0,0.0,0.0,1.0,0.0,0.0,0.0,0.0,1.0,0.0,0.0,1.0,0.0,0.0
C0105,Customer_0105,0.36682043835725864,1.5939040546224572,-0.4016892802540012,0.47628140034364336,0.0,0.0,1.0,0.0,0.0,0.0,1.0,0.0,0.0,0.0,0.0,0.0,1.0,0.0,0.0,0.0,1.0
C0106,Customer_0106,-1.2365975096436903,-0.28159571808744127,-0.4016892802540012,-0.05048922448506444,1.0,0.0,0.0,1.0,0.0,0.0,0.0,0.0,0.0,0.0,1.0,0.0,0.0,0.0,0.0,0.0,1.0
C0107,Customer_0107,0.6722333808336299,-0.2635962534441354,0.03492950263078275,0.1565008296836817,0.0,1.0,0.0,0.0,0.0,1.0,0.0,0.0,0.0,0.0,1.0,0.0,0.0,0.0,0.0,0.0,1.0
C0108,Customer_0108,1.435765737024558,0.9652005318808127,0.03492950263078275,0.9394099829295852,0.0,1.0,0.0,0.0,0.0,1.0,0.0,0.0,0.0,0.0,0.0,1.0,0.0,0.0,1.0,0.0,0.0
C0109,Customer_0109,0.7485866164527227,0.42843871896840036,-0.4016892802540012,-0.17157684053485436,1.0,0.0,0.0,0.0,0.0,0.0,1.0,0.0,0.0,1.0,0.0,0.0,0.0,0.0,0.0,0.0,1.0
C0110,Customer_0110,-0.24400544659548384,-2.0748757140316214,0.03492950263078275,0.07511435510220092,1.0,0.0,0.0,0.0,0.0,1.0,0.0,0.0,0.0,0.0,0.0,0.0,1.0,0.0,0.0,1.0,0.0
C0111,Customer_0111,1.435765737024558,-0.9209100363441212,0.4715482855155667,1.0190183952123388,0.0,1.0,0.0,0.0,0.0,1.0,0.0,0.0,0.0,0.0,0.0,1.0,0.0,0.0,0.0,0.0,1.0
C0112,Customer_0112,-0.09129897535729821,-0.0911013839457872,0.03492950263078275,0.47146175005957086,1.0,0.0,0.0,0.0,0.0,0.0,1.0,0.0,0.0,0.0,1.0,0.0,0.0,0.0,0.0,0.0,1.0
C0113,Customer_0113,-0.6257716246909479,-1.4472277154511586,0.9081670684003507,-0.2162030572199922,0.0,1.0,0.0,0.0,0.0,1.0,0.0,0.0,0.0,0.0,0.0,0.0,0.0,1.0,0.0,0.0,1.0
C0114,Customer_0114,-1.1602442740245975,-0.5516987955434699,1.3447858512851347,0.9371047959670757,1.0,0.0,0.0,0.0,1.0,0.0,0.0,0.0,0.0,1.0,0.0,0.0,0.0,0.0,1.0,0.0,0.0
C0115,Customer_0115,0.36682043835725864,-1.4221729050989025,-0.4016892802540012,-0.36530066174734394,0.0,1.0,0.0,0.0,0.0,0.0,0.0,1.0,0.0,0.0,0.0,0.0,0.0,1.0,0.0,0.0,1.0
C0116,Customer_0116,1.5884722082627436,-0.4477018887154803,0.03492950263078275,-0.23897012217599697,0.0,1.0,0.0,0.0,0.0,0.0,0.0,1.0,0.0,0.0,0.0,1.0,0.0,0.0,0.0,0.0,1.0
C0117,Customer_0117,-0.16765221097639102,-0.414147331170552,0.4715482855155667,0.40209529131877847,0.0,1.0,0.0,0.0,0.0,0.0,1.0,0.0,0.0,0.0,1.0,0.0,0.0,0.0,0.0,0.0,1.0
C0118,Customer_0118,0.5195269095954442,0.27422108362945846,1.7814046341699186,1.0406808586340899,0.0,1.0,0.0,1.0,0.0,0.0,0.0,0.0,0.0,0.0,0.0,0.0,1.0,0.0,0.0,1.0,0.0
C0119,Customer_0119,-0.6257716246909479,-0.16932127967965974,0.4715482855155667,-0.40837854807677576,0.0,1.0,0.0,0.0,0.0,0.0,1.0,0.0,0.0,0.0,0.0,0.0,0.0,1.0,1.0,0.0,0.0
C0120,Customer_0120,-0.6257716246909479,0.4252165925816357,-2.148164411793137,-1.6718098243069681,1.0,0.0,0.0,1.0,0.0,0.0,0.0,0.0,0.0,0.0,0.0,0.0,1.0,0.0,1.0,0.0,0.0
C0121,Customer_0121,-0.8548313315482263,0.30599791627134415,-0.4016892802540012,-1.045461416723694,1.0,0.0,0.0,0.0,0.0,0.0,0.0,1.0,0.0,0.0,1.0,0.0,0.0,0.0,1.0,0.0,0.0
C0122,Customer_0122,-1.2365975096436903,0.9537564278174762,-1.2749268460235692,-0.9308078685849626,1.0,0.0,0.0,0.0,0.0,0.0,1.0,0.0,0.0,0.0,0.0,0.0,0.0,1.0,1.0,0.0,0.0
C0123,Customer_0123,1.1303527945481868,0.7962055582853295,0.4715482855155667,1.2595068283878161,0.0,0.0,1.0,0.0,0.0,0.0,0.0,0.0,1.0,0.0,0.0,0.0,1.0,0.0,0.0,0.0,1.0
C0124,Customer_0124,0.0,0.6905420343607375,1.7814046341699186,2.234338137950596,1.0,0.0,0.0,0.0,1.0,0.0,0.0,0.0,0.0,0.0,0.0,0.0,1.0,0.0,0.0,1.0,0.0
C0125,Customer_0125,1.5121189726436508,3.0272503116037397,-2.148164411793137,-1.6718098243069681,0.0,1.0,0.0,0.0,0.0,1.0,0.0,0.0,0.0,0.0,0.0,0.0,0.0,1.0,0.0,0.0,1.0
C0126,Customer_0126,-0.014945739738205406,0.2698323252750721,-0.8383080631387851,-1.1831920105908633,1.0,0.0,0.0,1.0,0.0,0.0,0.0,0.0,0.0,0.0,0.0,0.0,0.0,1.0,1.0,0.0,0.0
C0127,Customer_0127,1.053999558929094,2.515932186366124,-2.148164411793137,-1.6718098243069681,0.0,1.0,0.0,0.0,0.0,0.0,0.0,0.0,1.0,0.0,0.0,0.0,1.0,0.0,0.0,0.0,1.0
C0128,Customer_0128,-1.2365975096436903,0.3346637303329054,1.3447858512851347,1.1892324564201515,0.0,0.0,1.0,0.0,0.0,1.0,0.0,0.0,0.0,0.0,0.0,1.0,0.0,0.0,0.0,1.0,0.0
C0129,Customer_0129,-0.24400544659548384,-0.16037710126122687,-1.2749268460235692,-1.2441134601659303,0.0,1.0,0.0,0.0,0.0,1.0,0.0,0.0,0.0,0.0,0.0,0.0,0.0,1.0,1.0,0.0,0.0
C0130,Customer_0130,1.3594125014054652,-0.4507017994893646,-0.4016892802540012,-0.24386687427656298,0.0,0.0,1.0,0.0,0.0,0.0,1.0,0.0,0.0,1.0,0.0,0.0,0.0,0.0,0.0,1.0,0.0
C0131,Customer_0131,1.5884722082627436,1.4321310884455845,-0.4016892802540012,-0.7747113073277531,0.0,1.0,0.0,0.0,0.0,1.0,0.0,0.0,0.0,1.0,0.0,0.0,0.0,0.0,0.0,0.0,1.0
C0132,Customer_0132,-1.6183636877391545,1.5629049766256526,0.03492950263078275,0.7609051161890342,1.0,0.0,0.0,0.0,1.0,0.0,0.0,0.0,0.0,0.0,1.0,0.0,0.0,0.0,0.0,0.0,1.0
C0133,Customer_0133,0.061407495880887404,0.5222137076038953,-0.4016892802540012,-0.49317009063564243,1.0,0.0,0.0,0.0,0.0,0.0,0.0,0.0,1.0,0.0,0.0,1.0,0.0,0.0,0.0,0.0,1.0
C0134,Customer_0134,0.29046720273816584,1.0559756097424233,-0.8383080631387851,-0.9812041334554393,0.0,0.0,1.0,0.0,0.0,1.0,0.0,0.0,0.0,0.0,0.0,0.0,0.0,1.0,0.0,1.0,0.0
C0135,Customer_0135,1.5121189726436508,4.0420784513174974e-16,-1.2749268460235692,-0.7298207415574948,1.0,0.0,0.0,0.0,0.0,0.0,1.0,0.0,0.0,1.0,0.0,0.0,0.0,0.0,1.0,0.0,0.0
C0136,Customer_0136,0.6722333808336299,-1.626277945529476,1.3447858512851347,0.5004661946192529,1.0,0.0,0.0,0.0,1.0,0.0,0.0,0.0,0.0,0.0,1.0,0.0,0.0,0.0,0.0,0.0,1.0
C0137,Customer_0137,-0.16765221097639102,1.1687500332791856,-0.4016892802540012,-0.9788265651958137,0.0,0.0,1.0,0.0,0.0,0.0,0.0,1.0,0.0,0.0,0.0,1.0,0.0,0.0,1.0,0.0,0.0
C0138,Customer_0138,0.9012930876909083,-0.2043757926115302,0.03492950263078275,0.16927612862471467,1.0,0.0,0.0,0.0,0.0,0.0,0.0,0.0,1.0,0.0,0.0,1.0,0.0,0.0,0.0,0.0,1.0
C0139,Customer_0139,-1.0838910384055047,0.6717092611691303,0.03492950263078275,0.1929715623915596,1.0,0.0,0.0,0.0,0.0,1.0,0.0,0.0,0.0,0.0,1.0,0.0,0.0,0.0,0.0,1.0,0.0
C0140,Customer_0140,-1.4656572165009687,-0.7948026760345397,0.9081670684003507,1.3348069799856888,1.0,0.0,0.0,0.0,0.0,0.0,1.0,0.0,0.0,0.0,0.0,0.0,0.0,1.0,1.0,0.0,0.0
C0141,Customer_0141,-0.549418389071855,1.5794044858820164,0.03492950263078275,-0.5321253900423613,0.0,1.0,0.0,0.0,0.0,0.0,0.0,1.0,0.0,0.0,0.0,0.0,1.0,0.0,0.0,0.0,1.0
C0142,Customer_0142,-0.32035868221457664,-1.617944860046464,1.3447858512851347,0.8435126317827385,1.0,0.0,0.0,0.0,0.0,0.0,0.0,1.0,0.0,0.0,1.0,0.0,0.0,0.0,0.0,0.0,1.0
C0143,Customer_0143,1.2830592657863724,-1.4631161317721013,0.03492950263078275,-0.4425912990159157,1.0,0.0,0.0,1.0,0.0,0.0,0.0,0.0,0.0,0.0,0.0,0.0,1.0,0.0,1.0,0.0,0.0
C0144,Customer_0144,0.8249398520718155,1.3667441443555504,-0.4016892802540012,-1.0307160876959296,1.0,0.0,0.0,0.0,1.0,0.0,0.0,0.0,0.0,0.0,0.0,0.0,1.0,0.0,0.0,0.0,1.0
C0145,Customer_0145,1.2067060301672796,-2.299702360363285,0.4715482855155667,1.3180318276257488,0.0,1.0,0.0,0.0,0.0,1.0,0.0,0.0,0.0,0.0,0.0,0.0,0.0,1.0,0.0,0.0,1.0
C0146,Customer_0146,0.9776463233100011,0.300998064981537,0.03492950263078275,0.5058822038513056,0.0,1.0,0.0,0.0,0.0,0.0,1.0,0.0,0.0,0.0,0.0,1.0,0.0,0.0,0.0,1.0,0.0
C0147,Customer_0147,0.6722333808336299,-0.18487637258128212,-1.711545628908353,-1.4178537493484755,1.0,0.0,0.0,1.0,0.0,0.0,0.0,0.0,0.0,0.0,0.0,1.0,0.0,0.0,0.0,0.0,1.0
C0148,Customer_0148,-0.6257716246909479,-0.8134687875164865,0.9081670684003507,0.991845512170992,1.0,0.0,0.0,0.0,1.0,0.0,0.0,0.0,0.0,0.0,0.0,1.0,0.0,0.0,0.0,0.0,1.0
C0149,Customer_0149,0.9012930876909083,-0.2774847292491554,-0.4016892802540012,-0.8262625259391732,0.0,1.0,0.0,1.0,0.0,0.0,0.0,0.0,0.0,0.0,0.0,0.0,0.0,1.0,0.0,0.0,1.0
C0150,Customer_0150,-0.014945739738205406,-0.9250210251824071,-0.4016892802540012,0.34456946868234284,1.0,0.0,0.0,0.0,0.0,0.0,0.0,0.0,1.0,0.0,0.0,0.0,1.0,0.0,1.0,0.0,0.0
C0151,Customer_0151,0.9776463233100011,1.4646856757325513,-0.4016892802540012,-0.9730171793489985,0.0,1.0,0.0,0.0,1.0,0.0,0.0,0.0,0.0,0.0,0.0,0.0,1.0,0.0,1.0,0.0,0.0
C0152,Customer_0152,-1.007537802786412,1.7269000989313286,0.4715482855155667,-0.9067458078131588,0.0,1.0,0.0,0.0,1.0,0.0,0.0,0.0,0.0,0.0,1.0,0.0,0.0,0.0,0.0,1.0,0.0
C0153,Customer_0153,-0.16765221097639102,-0.7632480590055343,0.4715482855155667,0.3631321243797645,0.0,1.0,0.0,0.0,0.0,1.0,0.0,0.0,0.0,0.0,0.0,0.0,0.0,1.0,0.0,1.0,0.0
C0154,Customer_0154,1.2830592657863724,0.1979455745082887,-0.4016892802540012,-0.17732800664268467,0.0,1.0,0.0,0.0,1.0,0.0,0.0,0.0,0.0,0.0,1.0,0.0,0.0,0.0,0.0,1.0,0.0
C0155,Customer_0155,-0.24400544659548384,-1.4025623772622142,0.03492950263078275,0.18745012822675058,1.0,0.0,0.0,1.0,0.0,0.0,0.0,0.0,0.0,0.0,0.0,0.0,0.0,1.0,0.0,1.0,0.0
C0156,Customer_0156,-0.32035868221457664,0.9954774091357562,-0.4016892802540012,-1.0756507116470413,0.0,1.0,0.0,0.0,1.0,0.0,0.0,0.0,0.0,0.0,1.0,0.0,0.0,0.0,0.0,0.0,1.0
C0157,Customer_0157,0.0,0.9694226285255387,-0.4016892802540012,-0.6346062922138762,0.0,0.0,1.0,0.0,0.0,1.0,0.0,0.0,0.0,1.0,0.0,0.0,0.0,0.0,1.0,0.0,0.0
C0158,Customer_0158,0.44317367397635143,-0.3728152271748125,1.3447858512851347,1.0318991190861282,0.0,0.0,1.0,0.0,0.0,1.0,0.0,0.0,0.0,0.0,0.0,1.0,0.0,0.0,1.0,0.0,0.0
C0159,Customer_0159,-1.4656572165009687,-0.060657844981183394,-0.4016892802540012,-0.8002351556000149,1.0,0.0,0.0,0.0,0.0,0.0,0.0,0.0,1.0,0.0,0.0,1.0,0.0,0.0,0.0,0.0,1.0
C0160,Customer_0160,0.0,-0.17132122019558263,0.9081670684003507,1.8044797759348228,1.0,0.0,0.0,1.0,0.0,0.0,0.0,0.0,0.0,0.0,0.0,0.0,1.0,0.0,0.0,0.0,1.0
C0161,Customer_0161,1.1303527945481868,-1.6959425401674564,0.9081670684003507,-0.531588824339825,0.0,1.0,0.0,0.0,0.0,0.0,0.0,1.0,0.0,1.0,0.0,0.0,0.0,0.0,0.0,0.0,1.0
C0162,Customer_0162,0.6722333808336299,1.4684077872482968,1.7814046341699186,1.3246877599475333,1.0,0.0,0.0,0.0,0.0,0.0,0.0,1.0,0.0,0.0,0.0,1.0,0.0,0.0,0.0,1.0,0.0
C0163,Customer_0163,-1.007537802786412,-0.8444678655132912,0.4715482855155667,0.8459484197813492,1.0,0.0,0.0,0.0,1.0,0.0,0.0,0.0,0.0,0.0,0.0,0.0,1.0,0.0,0.0,0.0,1.0
C0164,Customer_0164,1.5121189726436508,-0.8376902893204414,0.03492950263078275,-0.4863867042906746,0.0,1.0,0.0,0.0,0.0,0.0,0.0,0.0,1.0,1.0,0.0,0.0,0.0,0.0,1.0,0.0,0.0
C0165,Customer_0165,-1.389303980881876,-0.22798620148006415,2.2180234170547024,2.2390618043406665,1.0,0.0,0.0,0.0,0.0,0.0,1.0,0.0,0.0,0.0,0.0,1.0,0.0,0.0,0.0,0.0,1.0
C0166,Customer_0166,-1.1602442740245975,0.9179797141437447,1.3447858512851347,2.1541270726940263,1.0,0.0,0.0,0.0,1.0,0.0,0.0,0.0,0.0,0.0,1.0,0.0,0.0,0.0,1.0,0.0,0.0
C0167,Customer_0167,1.5121189726436508,-0.6688064235313984,0.03492950263078275,-0.6380868885012964,1.0,0.0,0.0,0.0,0.0,0.0,0.0,0.0,1.0,0.0,0.0,0.0,0.0,1.0,0.0,0.0,1.0
C0168,Customer_0168,-0.6257716246909479,-2.0296548368104763,0.4715482855155667,1.4215418030214833,1.0,0.0,0.0,1.0,0.0,0.0,0.0,0.0,0.0,1.0,0.0,0.0,0.0,0.0,0.0,1.0,0.0
C0169,Customer_0169,0.061407495880887404,-0.9645198503718839,-1.711545628908353,-1.3107514587067286,1.0,0.0,0.0,1.0,0.0,0.0,0.0,0.0,0.0,0.0,0.0,0.0,1.0,0.0,0.0,0.0,1.0
C0170,Customer_0170,-0.32035868221457664,0.3466078195252226,2.2180234170547024,0.8582721223686345,0.0,1.0,0.0,1.0,0.0,0.0,0.0,0.0,0.0,1.0,0.0,0.0,0.0,0.0,0.0,0.0,1.0
C0171,Customer_0171,0.21411396711907302,2.112166417762583,2.2180234170547024,1.4174821563571318,1.0,0.0,0.0,1.0,0.0,0.0,0.0,0.0,0.0,0.0,0.0,0.0,1.0,0.0,0.0,1.0,0.0
C0172,Customer_0172,1.5884722082627436,-1.3374532026882806,-0.8383080631387851,-0.89626782830234,1.0,0.0,0.0,1.0,0.0,0.0,0.0,0.0,0.0,1.0,0.0,0.0,0.0,0.0,0.0,0.0,1.0
C0173,Customer_0173,-1.77107015897734,-1.3740076710070932,0.4715482855155667,0.9318398433550921,0.0,1.0,0.0,0.0,0.0,0.0,0.0,0.0,1.0,0.0,0.0,0.0,1.0,0.0,1.0,0.0,0.0
C0174,Customer_0174,1.3594125014054652,-1.590112354533204,1.3447858512851347,2.041679580610884,0.0,1.0,0.0,0.0,0.0,0.0,0.0,0.0,1.0,0.0,0.0,0.0,0.0,1.0,0.0,0.0,1.0
C0175,Customer_0175,-1.847423394596433,-1.7142197743268626,-1.711545628908353,-1.1920587194876142,0.0,1.0,0.0,0.0,0.0,1.0,0.0,0.0,0.0,0.0,1.0,0.0,0.0,0.0,0.0,0.0,1.0
C0176,Customer_0176,0.8249398520718155,1.128084576122087,0.9081670684003507,2.1409568236317718,1.0,0.0,0.0,0.0,0.0,0.0,0.0,1.0,0.0,0.0,0.0,1.0,0.0,0.0,1.0,0.0,0.0
C0177,Customer_0177,0.061407495880887404,1.417075980672943,0.4715482855155667,1.1005213092717896,0.0,0.0,1.0,1.0,0.0,0.0,0.0,0.0,0.0,0.0,1.0,0.0,0.0,0.0,1.0,0.0,0.0
C0178,Customer_0178,0.0,4.0420784513174974e-16,0.03492950263078275,0.23507230120992084,0.0,1.0,0.0,0.0,0.0,0.0,1.0,0.0,0.0,0.0,0.0,1.0,0.0,0.0,1.0,0.0,0.0
C0179,Customer_0179,-0.32035868221457664,-0.5452545427699407,0.03492950263078275,-0.32182467828377237,1.0,0.0,0.0,0.0,0.0,0.0,0.0,0.0,1.0,0.0,0.0,1.0,0.0,0.0,0.0,0.0,1.0
C0180,Customer_0180,-1.0838910384055047,4.0420784513174974e-16,1.3447858512851347,1.1861908684348061,0.0,1.0,0.0,0.0,0.0,0.0,1.0,0.0,0.0,1.0,0.0,0.0,0.0,0.0,1.0,0.0,0.0
C0181,Customer_0181,1.1303527945481868,0.09633748551876249,-1.2749268460235692,-1.3851531381164834,0.0,0.0,1.0,0.0,0.0,0.0,1.0,0.0,0.0,0.0,0.0,0.0,0.0,1.0,0.0,0.0,1.0
C0182,Customer_0182,-1.0838910384055047,1.01186581058568,0.03492950263078275,0.5397755329792582,1.0,0.0,0.0,0.0,0.0,0.0,1.0,0.0,0.0,0.0,0.0,0.0,1.0,0.0,0.0,0.0,1.0
C0183,Customer_0183,0.8249398520718155,-0.5939753158939508,0.03492950263078275,-0.09509341207977563,1.0,0.0,0.0,0.0,0.0,1.0,0.0,0.0,0.0,0.0,0.0,0.0,1.0,0.0,0.0,1.0,0.0
C0184,Customer_0184,1.053999558929094,-0.03332532459690407,-0.8383080631387851,-1.2686475728754494,0.0,1.0,0.0,0.0,0.0,0.0,0.0,0.0,1.0,0.0,0.0,0.0,1.0,0.0,0.0,0.0,1.0
C0185,Customer_0185,1.1303527945481868,-1.314842764077708,0.03492950263078275,-0.9096284716461397,0.0,1.0,0.0,0.0,0.0,0.0,1.0,0.0,0.0,0.0,1.0,0.0,0.0,0.0,0.0,0.0,1.0
C0186,Customer_0186,0.7485866164527227,0.5516572763105376,-0.4016892802540012,-0.5098319505305304,0.0,1.0,0.0,1.0,0.0,0.0,0.0,0.0,0.0,0.0,0.0,0.0,1.0,0.0,0.0,0.0,1.0
C0187,Customer_0187,0.6722333808336299,0.11339253380732704,-0.8383080631387851,-0.550574753274731,0.0,1.0,0.0,0.0,1.0,0.0,0.0,0.0,0.0,0.0,0.0,0.0,1.0,0.0,0.0,0.0,1.0
C0188,Customer_0188,1.6648254438818364,-0.9720751812098148,1.3447858512851347,0.9129593393529427,1.0,0.0,0.0,0.0,0.0,0.0,1.0,0.0,0.0,1.0,0.0,0.0,0.0,0.0,0.0,0.0,1.0
C0189,Customer_0189,-0.09129897535729821,-0.9586311366305554,-0.4016892802540012,-0.11601947447869125,1.0,0.0,0.0,0.0,0.0,1.0,0.0,0.0,0.0,0.0,0.0,1.0,0.0,0.0,0.0,0.0,1.0
C0190,Customer_0190,-0.24400544659548384,1.5383501514023774,-0.4016892802540012,-0.3520816339848587,0.0,0.0,1.0,0.0,0.0,0.0,0.0,0.0,1.0,0.0,0.0,0.0,1.0,0.0,1.0,0.0,0.0
C0191,Customer_0191,-1.5420104521200615,1.8940617937205493,-1.2749268460235692,-0.857803462910845,0.0,0.0,1.0,0.0,0.0,1.0,0.0,0.0,0.0,0.0,0.0,0.0,0.0,1.0,1.0,0.0,0.0
C0192,Customer_0192,0.595880145214537,-0.29065100431231433,0.03492950263078275,-0.5769325599702898,1.0,0.0,0.0,0.0,0.0,0.0,1.0,0.0,0.0,0.0,0.0,0.0,1.0,0.0,0.0,0.0,1.0
C0193,Customer_0193,0.8249398520718155,-0.009770469631590178,0.4715482855155667,-0.6288803022093905,1.0,0.0,0.0,0.0,0.0,0.0,0.0,0.0,1.0,0.0,1.0,0.0,0.0,0.0,1.0,0.0,0.0
C0194,Customer_0194,0.0,0.322552979430928,-0.4016892802540012,-0.1547151453196668,1.0,0.0,0.0,0.0,1.0,0.0,0.0,0.0,0.0,0.0,0.0,0.0,0.0,1.0,0.0,0.0,1.0
C0195,Customer_0195,-0.39671191783366944,0.07050492052142533,-0.4016892802540012,-0.344612198823745,1.0,0.0,0.0,0.0,0.0,0.0,1.0,0.0,0.0,0.0,1.0,0.0,0.0,0.0,0.0,0.0,1.0
C0196,Customer_0196,-0.4730651534527623,-1.7517742129036367,-1.711545628908353,-1.5345150917289556,0.0,1.0,0.0,0.0,0.0,1.0,0.0,0.0,0.0,0.0,0.0,0.0,1.0,0.0,0.0,1.0,0.0
C0197,Customer_0197,0.7485866164527227,0.35032993104096793,-0.8383080631387851,-0.8092293185199491,0.0,1.0,0.0,0.0,0.0,0.0,0.0,1.0,0.0,1.0,0.0,0.0,0.0,0.0,0.0,0.0,1.0
C0198,Customer_0198,1.3594125014054652,-2.165373022377132,0.03492950263078275,-0.8169709702984785,1.0,0.0,0.0,1.0,0.0,0.0,0.0,0.0,0.0,0.0,0.0,0.0,0.0,1.0,1.0,0.0,0.0
C0199,Customer_0199,-0.6257716246909479,-0.8101911072265019,-0.4016892802540012,-0.26530747328758825,1.0,0.0,0.0,0.0,0.0,1.0,0.0,0.0,0.0,0.0,0.0,0.0,1.0,0.0,0.0,0.0,1.0
C0200,Customer_0200,1.5121189726436508,0.42788317993619956,0.03492950263078275,-0.20168273961587196,1.0,0.0,0.0,0.0,0.0,0.0,0.0,0.0,1.0,1.0,0.0,0.0,0.0,0.0,0.0,0.0,1.0
C0201,Customer_0201,1.3594125014054652,0.5224359232167756,0.9081670684003507,1.0328227673775907,0.0,1.0,0.0,0.0,0.0,0.0,1.0,0.0,0.0,1.0,0.0,0.0,0.0,0.0,0.0,0.0,1.0
C0202,Customer_0202,0.6722333808336299,-0.8875776944120732,1.3447858512851347,2.073294472386131,1.0,0.0,0.0,1.0,0.0,0.0,0.0,0.0,0.0,0.0,0.0,0.0,1.0,0.0,0.0,0.0,1.0
C0203,Customer_0203,-1.2365975096436903,-0.5359770409321873,-0.4016892802540012,-0.6590349799906388,1.0,0.0,0.0,0.0,0.0,0.0,1.0,0.0,0.0,0.0,0.0,0.0,1.0,0.0,1.0,0.0,0.0
C0204,Customer_0204,0.061407495880887404,-0.6713619030795221,0.4715482855155667,1.5359483106461433,0.0,1.0,0.0,0.0,0.0,0.0,0.0,0.0,1.0,1.0,0.0,0.0,0.0,0.0,1.0,0.0,0.0
C0205,Customer_0205,-1.77107015897734,-0.18037650642045566,-1.2749268460235692,-0.9649230621236414,0.0,1.0,0.0,0.0,0.0,0.0,1.0,0.0,0.0,1.0,0.0,0.0,0.0,0.0,0.0,1.0,0.0
C0206,Customer_0206,-1.2365975096436903,-0.10432321291216623,0.9081670684003507,1.0481062356143507,1.0,0.0,0.0,0.0,0.0,0.0,0.0,1.0,0.0,1.0,0.0,0.0,0.0,0.0,1.0,0.0,0.0
C0207,Customer_0207,-1.2365975096436903,0.590878331983914,-0.8383080631387851,-0.42662335546946895,1.0,0.0,0.0,1.0,0.0,0.0,0.0,0.0,0.0,0.0,0.0,0.0,1.0,0.0,0.0,0.0,1.0
C0208,Customer_0208,0.0,-0.5944197471197115,1.7814046341699186,2.010443903892268,1.0,0.0,0.0,1.0,0.0,0.0,0.0,0.0,0.0,1.0,0.0,0.0,0.0,0.0,1.0,0.0,0.0
C0209,Customer_0209,-0.6257716246909479,0.29583155198206956,-0.8383080631387851,-0.6429159798241232,1.0,0.0,0.0,0.0,0.0,0.0,0.0,0.0,1.0,0.0,1.0,0.0,0.0,0.0,0.0,0.0,1.0
C0210,Customer_0210,-1.847423394596433,4.0420784513174974e-16,0.03492950263078275,-0.13161134998142493,1.0,0.0,0.0,0.0,0.0,0.0,0.0,1.0,0.0,0.0,0.0,0.0,1.0,0.0,0.0,0.0,1.0
C0211,Customer_0211,-0.014945739738205406,0.12072564903237759,-0.8383080631387851,-1.225621612259166,1.0,0.0,0.0,0.0,0.0,1.0,0.0,0.0,0.0,0.0,1.0,0.0,0.0,0.0,0.0,0.0,1.0
C0212,Customer_0212,1.3594125014054652,-0.33714962130752124,0.9081670684003507,-0.7249649006248643,1.0,0.0,0.0,0.0,0.0,0.0,1.0,0.0,0.0,0.0,0.0,1.0,0.0,0.0,0.0,0.0,1.0
C0213,Customer_0213,1.1303527945481868,0.10311506171161225,-0.8383080631387851,-0.8379316498394933,1.0,0.0,0.0,0.0,1.0,0.0,0.0,0.0,0.0,0.0,0.0,0.0,1.0,0.0,0.0,1.0,0.0
C0214,Customer_0214,1.2830592657863724,0.6741536329108139,0.4715482855155667,-0.06599770414546863,0.0,1.0,0.0,0.0,0.0,0.0,1.0,0.0,0.0,0.0,0.0,1.0,0.0,0.0,0.0,0.0,1.0
C0215,Customer_0215,-0.014945739738205406,0.7615954765792197,0.4715482855155667,0.071739183747537,0.0,1.0,0.0,0.0,0.0,0.0,1.0,0.0,0.0,1.0,0.0,0.0,0.0,0.0,0.0,0.0,1.0
C0216,Customer_0216,1.053999558929094,1.7377886639624642,-0.8383080631387851,-1.1178128172173054,0.0,1.0,0.0,0.0,0.0,1.0,0.0,0.0,0.0,1.0,0.0,0.0,0.0,0.0,1.0,0.0,0.0
C0217,Customer_0217,0.7485866164527227,-1.0675167869419122,-1.2749268460235692,-0.7928318077101814,1.0,0.0,0.0,0.0,0.0,0.0,1.0,0.0,0.0,0.0,0.0,0.0,0.0,1.0,0.0,1.0,0.0
C0218,Customer_0218,-1.6947169233582473,-0.5175331450631208,-0.4016892802540012,0.2880270875828139,1.0,0.0,0.0,0.0,0.0,0.0,0.0,1.0,0.0,1.0,0.0,0.0,0.0,0.0,0.0,0.0,1.0
C0219,Customer_0219,0.9012930876909083,-1.690942688877649,1.3447858512851347,2.525713770011774,1.0,0.0,0.0,0.0,0.0,0.0,0.0,1.0,0.0,0.0,0.0,1.0,0.0,0.0,0.0,1.0,0.0
C0220,Customer_0220,1.435765737024558,0.8534260786020118,0.03492950263078275,0.003485194073293454,0.0,1.0,0.0,1.0,0.0,0.0,0.0,0.0,0.0,1.0,0.0,0.0,0.0,0.0,1.0,0.0,0.0
C0221,Customer_0221,1.435765737024558,4.0420784513174974e-16,2.2180234170547024,2.5645998351342945,0.0,1.0,0.0,0.0,0.0,0.0,0.0,0.0,1.0,0.0,0.0,0.0,1.0,0.0,0.0,1.0,0.0
C0222,Customer_0222,0.36682043835725864,0.12861430328962895,-0.4016892802540012,0.2856243432198437,0.0,1.0,0.0,0.0,1.0,0.0,0.0,0.0,0.0,0.0,0.0,0.0,0.0,1.0,1.0,0.0,0.0
C0223,Customer_0223,0.9776463233100011,-0.6818615907881173,-1.711545628908353,-1.3682190616041796,0.0,1.0,0.0,0.0,0.0,0.0,1.0,0.0,0.0,0.0,0.0,0.0,0.0,1.0,1.0,0.0,0.0
C0224,Customer_0224,0.6722333808336299,-0.4042587363973778,-0.4016892802540012,-0.642475398015589,1.0,0.0,0.0,1.0,0.0,0.0,0.0,0.0,0.0,1.0,0.0,0.0,0.0,0.0,0.0,0.0,1.0
C0225,Customer_0225,-1.007537802786412,1.1455840556364123,0.9081670684003507,1.9951037894229824,0.0,1.0,0.0,0.0,0.0,1.0,0.0,0.0,0.0,0.0,0.0,1.0,0.0,0.0,0.0,0.0,1.0
C0226,Customer_0226,-0.4730651534527623,0.6166553430780312,0.9081670684003507,0.7429388194395933,0.0,1.0,0.0,0.0,0.0,0.0,0.0,0.0,1.0,0.0,0.0,1.0,0.0,0.0,0.0,1.0,0.0
C0227,Customer_0227,0.9012930876909083,-0.18904291532278814,0.4715482855155667,0.3510129776321557,1.0,0.0,0.0,0.0,0.0,0.0,0.0,1.0,0.0,1.0,0.0,0.0,0.0,0.0,0.0,0.0,1.0
C0228,Customer_0228,1.435765737024558,0.6902642648446371,0.9081670684003507,-0.2600503882078998,0.0,1.0,0.0,0.0,1.0,0.0,0.0,0.0,0.0,0.0,0.0,1.0,0.0,0.0,1.0,0.0,0.0
C0229,Customer_0229,-0.6257716246909479,0.7123191644230088,0.9081670684003507,-0.4690010314246231,1.0,0.0,0.0,1.0,0.0,0.0,0.0,0.0,0.0,0.0,0.0,1.0,0.0,0.0,1.0,0.0,0.0
C0230,Customer_0230,-1.1602442740245975,-0.4689790336487709,-1.2749268460235692,-0.704515610683041,1.0,0.0,0.0,0.0,0.0,0.0,0.0,1.0,0.0,0.0,0.0,0.0,0.0,1.0,0.0,1.0,0.0
C0231,Customer_0231,1.6648254438818364,-1.5465580944086614,-1.2749268460235692,-0.8982236968309402,0.0,1.0,0.0,0.0,0.0,0.0,0.0,0.0,1.0,0.0,0.0,0.0,1.0,0.0,0.0,0.0,1.0
C0232,Customer_0232,0.0,-0.9766861551770815,1.7814046341699186,0.7069448591888079,1.0,0.0,0.0,1.0,0.0,0.0,0.0,0.0,0.0,0.0,0.0,0.0,0.0,1.0,1.0,0.0,0.0
C0233,Customer_0233,-0.7021248603100407,-1.4180619162606165,-1.711545628908353,-1.4644704517043126,1.0,0.0,0.0,0.0,0.0,1.0,0.0,0.0,0.0,0.0,1.0,0.0,0.0,0.0,0.0,0.0,1.0
C0234,Customer_0234,-0.09129897535729821,1.0868635799327877,0.03492950263078275,0.13759829659110515,1.0,0.0,0.0,0.0,0.0,1.0,0.0,0.0,0.0,0.0,0.0,0.0,0.0,1.0,0.0,1.0,0.0
C0235,Customer_0235,-0.4730651534527623,4.0420784513174974e-16,0.9081670684003507,0.945886535515038,0.0,1.0,0.0,0.0,0.0,0.0,1.0,0.0,0.0,1.0,0.0,0.0,0.0,0.0,0.0,0.0,1.0
C0236,Customer_0236,-1.312950745262783,1.5087954748892949,-0.8383080631387851,-1.0303463136780526,1.0,0.0,0.0,0.0,0.0,0.0,0.0,0.0,1.0,0.0,0.0,0.0,1.0,0.0,0.0,0.0,1.0
C0237,Customer_0237,0.44317367397635143,-2.0970417214164336,1.3447858512851347,2.228969333912315,1.0,0.0,0.0,0.0,1.0,0.0,0.0,0.0,0.0,1.0,0.0,0.0,0.0,0.0,1.0,0.0,0.0
C0238,Customer_0238,-0.32035868221457664,0.9938107920391538,0.4715482855155667,-0.7017305042505213,0.0,1.0,0.0,1.0,0.0,0.0,0.0,0.0,0.0,0.0,1.0,0.0,0.0,0.0,0.0,0.0,1.0
C0239,Customer_0239,-0.6257716246909479,2.134554640760275,0.9081670684003507,0.26834881580592557,0.0,1.0,0.0,0.0,0.0,0.0,0.0,1.0,0.0,0.0,0.0,0.0,1.0,0.0,0.0,0.0,1.0
C0240,Customer_0240,-0.16765221097639102,1.0344206952930324,0.03492950263078275,0.4028883385741402,0.0,0.0,1.0,0.0,0.0,0.0,0.0,0.0,1.0,0.0,0.0,1.0,0.0,0.0,1.0,0.0,0.0
C0241,Customer_0241,0.9012930876909083,-2.228704472048023,-0.8383080631387851,-0.9447916204865464,1.0,0.0,0.0,0.0,0.0,0.0,0.0,0.0,1.0,0.0,0.0,0.0,0.0,1.0,0.0,0.0,1.0
C0242,Customer_0242,-0.7021248603100407,1.6906789540318365,1.7814046341699186,2.6258312654817946,0.0,1.0,0.0,0.0,0.0,1.0,0.0,0.0,0.0,1.0,0.0,0.0,0.0,0.0,1.0,0.0,0.0
C0243,Customer_0243,-1.4656572165009687,-0.03588080414502775,0.03492950263078275,0.5292456277552907,1.0,0.0,0.0,0.0,0.0,0.0,1.0,0.0,0.0,0.0,0.0,0.0,0.0,1.0,0.0,0.0,1.0
C0244,Customer_0244,-1.312950745262783,-0.3099282087296821,1.3447858512851347,2.016944059074606,0.0,1.0,0.0,0.0,0.0,0.0,1.0,0.0,0.0,0.0,0.0,1.0,0.0,0.0,0.0,1.0,0.0
C0245,Customer_0245,-0.014945739738205406,0.37355146258696137,3.0912609828242705,0.44598038646170324,0.0,1.0,0.0,1.0,0.0,0.0,0.0,0.0,0.0,0.0,0.0,0.0,0.0,1.0,1.0,0.0,0.0
C0246,Customer_0246,-0.549418389071855,-1.126515032161637,0.03492950263078275,-0.7438516986528502,0.0,1.0,0.0,0.0,0.0,1.0,0.0,0.0,0.0,0.0,0.0,1.0,0.0,0.0,0.0,0.0,1.0
C0247,Customer_0247,-0.014945739738205406,-0.07476853639908371,0.4715482855155667,-0.18628283190114237,0.0,1.0,0.0,0.0,0.0,0.0,0.0,0.0,1.0,0.0,0.0,0.0,0.0,1.0,0.0,0.0,1.0
C0248,Customer_0248,-1.007537802786412,1.5428500175632038,-1.2749268460235692,-0.9798414768619014,0.0,1.0,0.0,0.0,1.0,0.0,0.0,0.0,0.0,0.0,0.0,0.0,1.0,0.0,0.0,0.0,1.0
C0249,Customer_0249,-0.7784780959291335,0.5448241462144678,-1.2749268460235692,-0.7844639003609495,0.0,1.0,0.0,0.0,0.0,1.0,0.0,0.0,0.0,0.0,0.0,1.0,0.0,0.0,0.0,1.0,0.0
C0250,Customer_0250,0.061407495880887404,-0.019159079275783687,1.3447858512851347,2.1784141448894743,1.0,0.0,0.0,1.0,0.0,0.0,0.0,0.0,0.0,0.0,0.0,1.0,0.0,0.0,0.0,0.0,1.0
C0251,Customer_0251,1.2067060301672796,0.012062214333901236,-0.8383080631387851,-0.39646395716884364,0.0,1.0,0.0,1.0,0.0,0.0,0.0,0.0,0.0,0.0,0.0,1.0,0.0,0.0,1.0,0.0,0.0
C0252,Customer_0252,1.5121189726436508,-1.2588999835350876,0.03492950263078275,0.930149897418072,0.0,1.0,0.0,0.0,0.0,1.0,0.0,0.0,0.0,0.0,0.0,0.0,1.0,0.0,1.0,0.0,0.0
C0253,Customer_0253,0.0,-0.22754177025430353,-0.8383080631387851,-0.35261033215509985,1.0,0.0,0.0,1.0,0.0,0.0,0.0,0.0,0.0,0.0,1.0,0.0,0.0,0.0,1.0,0.0,0.0
C0254,Customer_0254,1.6648254438818364,4.0420784513174974e-16,0.03492950263078275,-0.391822113114644,1.0,0.0,0.0,0.0,0.0,1.0,0.0,0.0,0.0,0.0,0.0,0.0,0.0,1.0,0.0,1.0,0.0
C0255,Customer_0255,0.5195269095954442,0.9448678033022634,-0.8383080631387851,-0.9563112612732568,1.0,0.0,0.0,0.0,0.0,0.0,0.0,1.0,0.0,0.0,0.0,1.0,0.0,0.0,0.0,0.0,1.0
C0256,Customer_0256,-1.1602442740245975,-2.2632034459476924,-0.4016892802540012,0.014812867071999618,0.0,1.0,0.0,0.0,0.0,1.0,0.0,0.0,0.0,0.0,0.0,0.0,1.0,0.0,0.0,1.0,0.0
C0257,Customer_0257,-0.7021248603100407,0.7773172311905023,0.03492950263078275,-0.6327054964113429,0.0,1.0,0.0,0.0,0.0,1.0,0.0,0.0,0.0,0.0,1.0,0.0,0.0,0.0,1.0,0.0,0.0
C0258,Customer_0258,-1.389303980881876,0.9018135283067015,0.4715482855155667,-0.6801892008261168,0.0,1.0,0.0,1.0,0.0,0.0,0.0,0.0,0.0,0.0,0.0,0.0,0.0,1.0,0.0,0.0,1.0
C0259,Customer_0259,-0.6257716246909479,1.2411923230781698,0.4715482855155667,0.4401521185373795,0.0,1.0,0.0,1.0,0.0,0.0,0.0,0.0,0.0,0.0,0.0,0.0,1.0,0.0,0.0,0.0,1.0
C0260,Customer_0260,-0.16765221097639102,0.00928451917289724,1.3447858512851347,2.1278086036599433,0.0,1.0,0.0,0.0,0.0,0.0,1.0,0.0,0.0,0.0,0.0,0.0,0.0,1.0,1.0,0.0,0.0
C0261,Customer_0261,0.061407495880887404,0.8390376176680111,0.9081670684003507,-0.4891497816327678,0.0,1.0,0.0,0.0,0.0,0.0,1.0,0.0,0.0,0.0,0.0,1.0,0.0,0.0,0.0,0.0,1.0
C0262,Customer_0262,-0.32035868221457664,-0.23726370331781751,0.4715482855155667,1.1020680661210362,0.0,1.0,0.0,0.0,0.0,0.0,0.0,1.0,0.0,0.0,1.0,0.0,0.0,0.0,0.0,0.0,1.0
C0263,Customer_0263,-0.24400544659548384,-1.2642331582442152,1.3447858512851347,2.09358483817559,0.0,1.0,0.0,0.0,0.0,0.0,1.0,0.0,0.0,0.0,0.0,0.0,1.0,0.0,1.0,0.0,0.0
C0264,Customer_0264,-1.389303980881876,4.0420784513174974e-16,1.7814046341699186,1.3051479567390412,0.0,1.0,0.0,0.0,0.0,1.0,0.0,0.0,0.0,0.0,1.0,0.0,0.0,0.0,1.0,0.0,0.0
C0265,Customer_0265,-0.8548313315482263,-0.1744322387759071,0.4715482855155667,-0.7704376637849712,0.0,1.0,0.0,1.0,0.0,0.0,0.0,0.0,0.0,0.0,0.0,1.0,0.0,0.0,0.0,0.0,1.0
C0266,Customer_0266,-0.7784780959291335,-1.4870043101567356,0.9081670684003507,-0.27142841341329554,0.0,1.0,0.0,0.0,0.0,0.0,1.0,0.0,0.0,0.0,1.0,0.0,0.0,0.0,0.0,0.0,1.0
C0267,Customer_0267,-1.389303980881876,-0.5443656803184194,1.3447858512851347,1.7396166926798335,1.0,0.0,0.0,0.0,0.0,0.0,1.0,0.0,0.0,0.0,1.0,0.0,0.0,0.0,1.0,0.0,0.0
C0268,Customer_0268,-1.2365975096436903,-0.5048668551289426,-1.2749268460235692,-0.8152558482581131,1.0,0.0,0.0,0.0,0.0,0.0,0.0,1.0,0.0,1.0,0.0,0.0,0.0,0.0,0.0,1.0,0.0
C0269,Customer_0269,-1.312950745262783,0.3841622581019966,-0.8383080631387851,-0.1491779760902672,1.0,0.0,0.0,0.0,0.0,0.0,0.0,0.0,1.0,0.0,1.0,0.0,0.0,0.0,0.0,0.0,1.0
C0270,Customer_0270,-0.16765221097639102,2.2694395177786295,-1.2749268460235692,-0.9249434100120805,1.0,0.0,0.0,0.0,0.0,0.0,0.0,1.0,0.0,0.0,0.0,0.0,0.0,1.0,0.0,1.0,0.0
C0271,Customer_0271,0.29046720273816584,0.444882674321544,-0.4016892802540012,-0.9573812456654114,1.0,0.0,0.0,0.0,0.0,1.0,0.0,0.0,0.0,0.0,0.0,0.0,1.0,0.0,0.0,0.0,1.0
C0272,Customer_0272,0.0,0.1292809501282699,0.9081670684003507,-0.4295673860543529,0.0,1.0,0.0,1.0,0.0,0.0,0.0,0.0,0.0,1.0,0.0,0.0,0.0,0.0,0.0,1.0,0.0
C0273,Customer_0273,0.44317367397635143,2.3781585063803257,0.9081670684003507,1.353948686060041,1.0,0.0,0.0,0.0,0.0,0.0,0.0,1.0,0.0,0.0,0.0,0.0,1.0,0.0,0.0,0.0,1.0
C0274,Customer_0274,0.36682043835725864,4.0420784513174974e-16,1.7814046341699186,0.16383809030223515,1.0,0.0,0.0,0.0,0.0,0.0,1.0,0.0,0.0,0.0,0.0,0.0,1.0,0.0,0.0,0.0,1.0
C0275,Customer_0275,1.053999558929094,0.1766684295749981,0.4715482855155667,-0.07944489034451602,0.0,1.0,0.0,1.0,0.0,0.0,0.0,0.0,0.0,0.0,0.0,1.0,0.0,0.0,0.0,0.0,1.0
C0276,Customer_0276,0.7485866164527227,-0.5569208624461575,-1.2749268460235692,-1.006068682521359,0.0,1.0,0.0,1.0,0.0,0.0,0.0,0.0,0.0,0.0,0.0,1.0,0.0,0.0,1.0,0.0,0.0
C0277,Customer_0277,-0.549418389071855,0.2386665855686073,-0.4016892802540012,-1.126202753656964,1.0,0.0,0.0,0.0,0.0,0.0,1.0,0.0,0.0,1.0,0.0,0.0,0.0,0.0,1.0,0.0,0.0
C0278,Customer_0278,1.2830592657863724,-0.14393314590808323,1.7814046341699186,0.41250403654539897,1.0,0.0,0.0,0.0,0.0,0.0,0.0,1.0,0.0,0.0,0.0,1.0,0.0,0.0,1.0,0.0,0.0
C0279,Customer_0279,1.053999558929094,4.0420784513174974e-16,-0.8383080631387851,-0.7742959016225638,0.0,1.0,0.0,0.0,0.0,0.0,1.0,0.0,0.0,0.0,0.0,1.0,0.0,0.0,0.0,0.0,1.0
C0280,Customer_0280,-0.6257716246909479,1.2368035647237834,-0.8383080631387851,-0.9377611936275078,0.0,1.0,0.0,0.0,0.0,0.0,0.0,0.0,1.0,0.0,0.0,1.0,0.0,0.0,0.0,1.0,0.0
C0281,Customer_0281,-0.8548313315482263,-0.6178634942785851,1.7814046341699186,-0.01745660339021272,0.0,1.0,0.0,1.0,0.0,0.0,0.0,0.0,0.0,0.0,0.0,0.0,1.0,0.0,0.0,0.0,1.0
C0282,Customer_0282,0.44317367397635143,0.4359940498063312,-0.8383080631387851,-0.3662872502971688,1.0,0.0,0.0,0.0,1.0,0.0,0.0,0.0,0.0,1.0,0.0,0.0,0.0,0.0,1.0,0.0,0.0
C0283,Customer_0283,-0.09129897535729821,0.8713699893420976,0.9081670684003507,1.6275956208470943,1.0,0.0,0.0,0.0,1.0,0.0,0.0,0.0,0.0,0.0,0.0,0.0,1.0,0.0,0.0,0.0,1.0
C0284,Customer_0284,0.7485866164527227,-0.7396376501370003,0.9081670684003507,-0.024922891538408258,0.0,1.0,0.0,0.0,0.0,1.0,0.0,0.0,0.0,0.0,0.0,0.0,0.0,1.0,0.0,1.0,0.0
C0285,Customer_0285,1.435765737024558,-0.9001328765398113,-0.8383080631387851,-0.3071391425014519,0.0,1.0,0.0,0.0,0.0,0.0,1.0,0.0,0.0,0.0,0.0,0.0,1.0,0.0,1.0,0.0,0.0
C0286,Customer_0286,1.5121189726436508,-0.227875093673624,-0.4016892802540012,-0.5130828148749295,1.0,0.0,0.0,0.0,0.0,0.0,1.0,0.0,0.0,0.0,0.0,0.0,0.0,1.0,0.0,0.0,1.0
C0287,Customer_0287,0.6722333808336299,-0.5391436134157319,-1.711545628908353,-1.3306657564524749,0.0,1.0,0.0,0.0,0.0,1.0,0.0,0.0,0.0,0.0,1.0,0.0,0.0,0.0,0.0,0.0,1.0
C0288,Customer_0288,-1.6947169233582473,1.0747528290308104,-0.8383080631387851,-0.2031602621809205,0.0,1.0,0.0,0.0,0.0,1.0,0.0,0.0,0.0,0.0,1.0,0.0,0.0,0.0,1.0,0.0,0.0
C0289,Customer_0289,0.9012930876909083,-1.079294214424569,0.03492950263078275,0.5506689181952666,1.0,0.0,0.0,0.0,0.0,1.0,0.0,0.0,0.0,0.0,0.0,0.0,0.0,1.0,1.0,0.0,0.0
C0290,Customer_0290,1.3594125014054652,-0.009103822792949218,0.03492950263078275,0.6678495177072333,1.0,0.0,0.0,1.0,0.0,0.0,0.0,0.0,0.0,0.0,0.0,0.0,0.0,1.0,0.0,0.0,1.0
C0291,Customer_0291,1.1303527945481868,4.0420784513174974e-16,0.4715482855155667,-0.5676976505621211,1.0,0.0,0.0,0.0,0.0,0.0,0.0,0.0,1.0,0.0,0.0,0.0,1.0,0.0,1.0,0.0,0.0
C0292,Customer_0292,0.0,0.33549703888120663,-1.711545628908353,-1.516309621997739,1.0,0.0,0.0,0.0,0.0,0.0,1.0,0.0,0.0,0.0,0.0,0.0,0.0,1.0,0.0,0.0,1.0
C0293,Customer_0293,-0.16765221097639102,0.5017143173156858,0.4715482855155667,1.3608343503248468,0.0,1.0,0.0,1.0,0.0,0.0,0.0,0.0,0.0,1.0,0.0,0.0,0.0,0.0,1.0,0.0,0.0
C0294,Customer_0294,1.435765737024558,1.0830859145138223,0.4715482855155667,0.0720947962072825,0.0,1.0,0.0,0.0,0.0,1.0,0.0,0.0,0.0,0.0,1.0,0.0,0.0,0.0,0.0,1.0,0.0
C0295,Customer_0295,1.053999558929094,-0.5404769070930138,-1.711545628908353,-1.4236237975338146,1.0,0.0,0.0,0.0,0.0,0.0,1.0,0.0,0.0,0.0,1.0,0.0,0.0,0.0,0.0,1.0,0.0
C0296,Customer_0296,-0.7784780959291335,-1.1589585116421637,-0.8383080631387851,-0.37051368864617884,0.0,1.0,0.0,1.0,0.0,0.0,0.0,0.0,0.0,0.0,0.0,0.0,0.0,1.0,0.0,0.0,1.0
C0297,Customer_0297,-1.6183636877391545,0.09894851897010626,0.4715482855155667,1.2155635135059064,0.0,1.0,0.0,0.0,0.0,0.0,0.0,0.0,1.0,0.0,0.0,1.0,0.0,0.0,1.0,0.0,0.0
C0298,Customer_0298,0.29046720273816584,0.18783476412223415,1.3447858512851347,2.2666422255549072,0.0,1.0,0.0,1.0,0.0,0.0,0.0,0.0,0.0,0.0,0.0,1.0,0.0,0.0,0.0,0.0,1.0
C0299,Customer_0299,-0.24400544659548384,-1.695720324554576,1.3447858512851347,0.4092374371364099,0.0,1.0,0.0,0.0,0.0,0.0,0.0,0.0,1.0,0.0,0.0,0.0,0.0,1.0,0.0,1.0,0.0
C0300,Customer_0300,-0.014945739738205406,0.29749816907867194,1.3447858512851347,2.231711955670441,1.0,0.0,0.0,0.0,0.0,1.0,0.0,0.0,0.0,1.0,0.0,0.0,0.0,0.0,0.0,1.0,0.0
C0301,Customer_0301,-0.9311845671673191,0.9922552827489916,1.3447858512851347,-0.5256409699246132,0.0,1.0,0.0,0.0,0.0,0.0,0.0,0.0,1.0,0.0,0.0,1.0,0.0,0.0,1.0,0.0,0.0
C0302,Customer_0302,-0.549418389071855,-0.9904635231756612,-1.2749268460235692,-1.377852068146488,0.0,1.0,0.0,0.0,0.0,0.0,1.0,0.0,0.0,0.0,0.0,0.0,0.0,1.0,0.0,1.0,0.0
C0303,Customer_0303,0.595880145214537,0.357996369685339,0.4715482855155667,0.6728737238309823,0.0,1.0,0.0,0.0,0.0,1.0,0.0,0.0,0.0,1.0,0.0,0.0,0.0,0.0,0.0,0.0,1.0
C0304,Customer_0304,-0.7021248603100407,0.8147050080576161,-0.4016892802540012,-1.0610454246941323,1.0,0.0,0.0,0.0,0.0,0.0,1.0,0.0,0.0,1.0,0.0,0.0,0.0,0.0,0.0,1.0,0.0
C0305,Customer_0305,1.5121189726436508,0.5091029864439565,1.3447858512851347,0.4385078042876714,1.0,0.0,0.0,0.0,1.0,0.0,0.0,0.0,0.0,0.0,0.0,0.0,1.0,0.0,0.0,1.0,0.0
C0306,Customer_0306,1.2830592657863724,0.6034335141116521,2.6546421999394867,2.856875512890049,1.0,0.0,0.0,0.0,0.0,0.0,0.0,1.0,0.0,1.0,0.0,0.0,0.0,0.0,0.0,0.0,1.0
C0307,Customer_0307,1.435765737024558,-0.3223167291477599,-1.2749268460235692,-1.1334755005106965,1.0,0.0,0.0,0.0,0.0,0.0,0.0,0.0,1.0,0.0,0.0,1.0,0.0,0.0,0.0,0.0,1.0
C0308,Customer_0308,-1.77107015897734,-1.20501269741161,0.03492950263078275,-0.6608948646252367,1.0,0.0,0.0,0.0,0.0,0.0,0.0,1.0,0.0,0.0,0.0,1.0,0.0,0.0,0.0,0.0,1.0
C0309,Customer_0309,0.7485866164527227,-0.5246995985785111,2.2180234170547024,0.7823048040321242,0.0,1.0,0.0,0.0,0.0,0.0,0.0,1.0,0.0,0.0,0.0,0.0,0.0,1.0,0.0,0.0,1.0
C0310,Customer_0310,1.2830592657863724,-0.663584356628711,-0.4016892802540012,-0.39069076197058644,1.0,0.0,0.0,0.0,0.0,0.0,0.0,0.0,1.0,0.0,0.0,0.0,0.0,1.0,1.0,0.0,0.0
C0311,Customer_0311,0.6722333808336299,-0.1578216217131032,1.3447858512851347,0.950962667351936,1.0,0.0,0.0,0.0,0.0,1.0,0.0,0.0,0.0,1.0,0.0,0.0,0.0,0.0,0.0,0.0,1.0
C0312,Customer_0312,0.36682043835725864,1.0156990299078654,-0.4016892802540012,0.16233224462092363,1.0,0.0,0.0,0.0,1.0,0.0,0.0,0.0,0.0,0.0,1.0,0.0,0.0,0.0,0.0,0.0,1.0
C0313,Customer_0313,-0.9311845671673191,-1.3893405482958352,-0.8383080631387851,-0.338067985460553,0.0,1.0,0.0,0.0,0.0,0.0,1.0,0.0,0.0,0.0,0.0,0.0,1.0,0.0,1.0,0.0,0.0
C0314,Customer_0314,-0.9311845671673191,0.06672725510245989,0.4715482855155667,0.24793886352557873,0.0,1.0,0.0,1.0,0.0,0.0,0.0,0.0,0.0,0.0,1.0,0.0,0.0,0.0,0.0,1.0,0.0
C0315,Customer_0315,0.0,-1.1409034930956377,0.9081670684003507,1.72430647483327,0.0,1.0,0.0,0.0,0.0,0.0,1.0,0.0,0.0,1.0,0.0,0.0,0.0,0.0,1.0,0.0,0.0
C0316,Customer_0316,0.5195269095954442,-0.8175797763547725,-0.4016892802540012,-0.974154824518892,0.0,1.0,0.0,1.0,0.0,0.0,0.0,0.0,0.0,1.0,0.0,0.0,0.0,0.0,0.0,0.0,1.0
C0317,Customer_0317,0.5195269095954442,0.4811593731242562,0.9081670684003507,-0.03124366698441505,1.0,0.0,0.0,0.0,0.0,0.0,1.0,0.0,0.0,0.0,1.0,0.0,0.0,0.0,0.0,0.0,1.0
C0318,Customer_0318,0.7485866164527227,-1.26745528463098,-0.4016892802540012,0.2387653208693128,1.0,0.0,0.0,0.0,0.0,0.0,0.0,0.0,1.0,0.0,0.0,0.0,1.0,0.0,0.0,0.0,1.0
C0319,Customer_0319,1.053999558929094,0.6566541533964887,-0.8383080631387851,-0.8123999340349362,0.0,1.0,0.0,0.0,1.0,0.0,0.0,0.0,0.0,0.0,1.0,0.0,0.0,0.0,1.0,0.0,0.0
C0320,Customer_0320,1.5884722082627436,-1.4296726820336132,-0.4016892802540012,0.49911927309030557,1.0,0.0,0.0,1.0,0.0,0.0,0.0,0.0,0.0,0.0,0.0,0.0,0.0,1.0,0.0,0.0,1.0
C0321,Customer_0321,0.29046720273816584,0.589433930500192,0.4715482855155667,0.27198990975216886,1.0,0.0,0.0,0.0,0.0,1.0,0.0,0.0,0.0,0.0,0.0,1.0,0.0,0.0,0.0,0.0,1.0
C0322,Customer_0322,0.29046720273816584,-1.6270557001745571,0.4715482855155667,1.102181358586088,0.0,1.0,0.0,0.0,0.0,0.0,1.0,0.0,0.0,0.0,0.0,0.0,0.0,1.0,1.0,0.0,0.0
C0323,Customer_0323,1.435765737024558,-0.6953611892705966,1.3447858512851347,0.7025846727907782,0.0,1.0,0.0,0.0,0.0,0.0,1.0,0.0,0.0,0.0,0.0,1.0,0.0,0.0,0.0,0.0,1.0
C0324,Customer_0324,-0.7021248603100407,1.818897362663781,0.9081670684003507,0.4731343874255419,0.0,1.0,0.0,1.0,0.0,0.0,0.0,0.0,0.0,0.0,0.0,0.0,0.0,1.0,0.0,0.0,1.0
C0325,Customer_0325,1.435765737024558,1.6309585080702507,-1.2749268460235692,-1.0947153159049,0.0,1.0,0.0,0.0,0.0,1.0,0.0,0.0,0.0,0.0,0.0,0.0,1.0,0.0,0.0,0.0,1.0
C0326,Customer_0326,1.6648254438818364,-0.4900339629691812,0.4715482855155667,0.916455670704953,0.0,1.0,0.0,0.0,0.0,1.0,0.0,0.0,0.0,0.0,1.0,0.0,0.0,0.0,1.0,0.0,0.0
C0327,Customer_0327,-1.1602442740245975,0.3123866151416534,-0.4016892802540012,-0.23784349155131668,0.0,1.0,0.0,0.0,0.0,0.0,0.0,0.0,1.0,0.0,0.0,0.0,1.0,0.0,0.0,1.0,0.0
C0328,Customer_0328,0.36682043835725864,1.1264735129287047,-1.2749268460235692,-0.618126959068238,0.0,1.0,0.0,0.0,0.0,0.0,0.0,0.0,1.0,0.0,1.0,0.0,0.0,0.0,0.0,1.0,0.0
C0329,Customer_0329,-0.014945739738205406,0.6037112836277525,1.7814046341699186,0.4204234945538013,0.0,1.0,0.0,0.0,0.0,0.0,0.0,0.0,1.0,0.0,0.0,0.0,0.0,1.0,0.0,0.0,1.0
C0330,Customer_0330,1.053999558929094,-0.35098254320932115,0.03492950263078275,-0.8287880038059494,1.0,0.0,0.0,0.0,0.0,0.0,0.0,0.0,1.0,0.0,0.0,0.0,0.0,1.0,0.0,0.0,1.0
C0331,Customer_0331,-0.39671191783366944,-0.8261350774506648,-0.8383080631387851,-0.7929403796558558,0.0,1.0,0.0,0.0,0.0,0.0,0.0,0.0,1.0,0.0,1.0,0.0,0.0,0.0,1.0,0.0,0.0
C0332,Customer_0332,-1.5420104521200615,0.7905390601568814,-1.2749268460235692,-0.8960318023334825,1.0,0.0,0.0,1.0,0.0,0.0,0.0,0.0,0.0,0.0,0.0,0.0,1.0,0.0,1.0,0.0,0.0
C0333,Customer_0333,-1.847423394596433,1.053142360678199,0.4715482855155667,1.277718592144869,0.0,1.0,0.0,0.0,1.0,0.0,0.0,0.0,0.0,0.0,1.0,0.0,0.0,0.0,1.0,0.0,0.0
C0334,Customer_0334,0.36682043835725864,1.638124961585641,-0.8383080631387851,-0.8529271663942468,0.0,0.0,1.0,0.0,0.0,1.0,0.0,0.0,0.0,1.0,0.0,0.0,0.0,0.0,1.0,0.0,0.0
C0335,Customer_0335,-1.6947169233582473,4.0420784513174974e-16,0.4715482855155667,0.7500290395440757,0.0,1.0,0.0,0.0,0.0,0.0,0.0,0.0,1.0,0.0,0.0,0.0,0.0,1.0,0.0,0.0,1.0
C0336,Customer_0336,1.5121189726436508,-1.3306200725922106,0.03492950263078275,-0.29850373905418137,0.0,1.0,0.0,0.0,0.0,1.0,0.0,0.0,0.0,1.0,0.0,0.0,0.0,0.0,0.0,1.0,0.0
C0337,Customer_0337,-0.8548313315482263,1.084363654287884,-1.2749268460235692,-0.8956006615637025,0.0,0.0,1.0,0.0,0.0,1.0,0.0,0.0,0.0,0.0,0.0,0.0,0.0,1.0,1.0,0.0,0.0
C0338,Customer_0338,0.36682043835725864,-1.6290556406904801,0.9081670684003507,1.8407081886480066,1.0,0.0,0.0,0.0,0.0,0.0,0.0,1.0,0.0,0.0,0.0,0.0,0.0,1.0,0.0,0.0,1.0
C0339,Customer_0339,-1.6183636877391545,1.1609724868283744,0.4715482855155667,-0.32677807661686403,1.0,0.0,0.0,0.0,1.0,0.0,0.0,0.0,0.0,0.0,0.0,1.0,0.0,0.0,0.0,0.0,1.0
C0340,Customer_0340,-0.549418389071855,-0.29248428311857694,0.03492950263078275,-0.1837038548147583,0.0,1.0,0.0,0.0,0.0,0.0,0.0,0.0,1.0,1.0,0.0,0.0,0.0,0.0,1.0,0.0,0.0
C0341,Customer_0341,0.9012930876909083,4.0420784513174974e-16,1.3447858512851347,2.711118462575262,0.0,1.0,0.0,0.0,0.0,0.0,1.0,0.0,0.0,1.0,0.0,0.0,0.0,0.0,0.0,0.0,1.0
C0342,Customer_0342,-0.014945739738205406,0.1278921025477679,-0.8383080631387851,-0.18715770149237476,1.0,0.0,0.0,1.0,0.0,0.0,0.0,0.0,0.0,0.0,0.0,1.0,0.0,0.0,1.0,0.0,0.0
C0343,Customer_0343,-1.847423394596433,4.0420784513174974e-16,0.03492950263078275,0.15702008681516835,1.0,0.0,0.0,0.0,0.0,0.0,1.0,0.0,0.0,0.0,0.0,0.0,1.0,0.0,0.0,0.0,1.0
C0344,Customer_0344,1.5884722082627436,0.7464292610001378,0.03492950263078275,0.055030118658877226,1.0,0.0,0.0,0.0,1.0,0.0,0.0,0.0,0.0,1.0,0.0,0.0,0.0,0.0,0.0,0.0,1.0
C0345,Customer_0345,-0.7784780959291335,1.6120146270722033,-0.4016892802540012,-0.6846422241052302,1.0,0.0,0.0,1.0,0.0,0.0,0.0,0.0,0.0,0.0,1.0,0.0,0.0,0.0,0.0,1.0,0.0
C0346,Customer_0346,0.0,0.7929834318985649,-0.8383080631387851,-0.6349634781800808,1.0,0.0,0.0,0.0,1.0,0.0,0.0,0.0,0.0,0.0,0.0,1.0,0.0,0.0,0.0,0.0,1.0
C0347,Customer_0347,-0.7784780959291335,-0.32403890014758235,-0.8383080631387851,-0.21312685209254784,1.0,0.0,0.0,0.0,0.0,1.0,0.0,0.0,0.0,1.0,0.0,0.0,0.0,0.0,1.0,0.0,0.0
C0348,Customer_0348,-0.09129897535729821,-1.6155560422080006,0.03492950263078275,0.41306420484482126,0.0,1.0,0.0,1.0,0.0,0.0,0.0,0.0,0.0,0.0,0.0,0.0,1.0,0.0,0.0,0.0,1.0
C0349,Customer_0349,-1.6183636877391545,-1.5771127411797055,0.03492950263078275,-0.42628662508723203,0.0,1.0,0.0,0.0,0.0,1.0,0.0,0.0,0.0,1.0,0.0,0.0,0.0,0.0,0.0,0.0,1.0
C0350,Customer_0350,-1.007537802786412,-1.4071733512294808,0.4715482855155667,-0.40297827390931357,0.0,1.0,0.0,0.0,0.0,0.0,1.0,0.0,0.0,0.0,0.0,0.0,0.0,1.0,0.0,1.0,0.0
C0351,Customer_0351,0.9012930876909083,-0.08982364417172536,0.4715482855155667,-0.24048855590898116,1.0,0.0,0.0,0.0,0.0,0.0,1.0,0.0,0.0,0.0,1.0,0.0,0.0,0.0,0.0,1.0,0.0
C0352,Customer_0352,0.9012930876909083,4.0420784513174974e-16,0.4715482855155667,-0.4837967126590771,0.0,1.0,0.0,1.0,0.0,0.0,0.0,0.0,0.0,0.0,0.0,1.0,0.0,0.0,0.0,0.0,1.0
C0353,Customer_0353,1.3594125014054652,0.7908723835762018,0.4715482855155667,-0.6727307802102163,0.0,1.0,0.0,1.0,0.0,0.0,0.0,0.0,0.0,0.0,0.0,0.0,0.0,1.0,1.0,0.0,0.0
C0354,Customer_0354,-1.4656572165009687,-1.873548368762052,0.9081670684003507,0.45583368390827905,1.0,0.0,0.0,0.0,0.0,0.0,0.0,0.0,1.0,0.0,0.0,0.0,1.0,0.0,0.0,0.0,1.0
C0355,Customer_0355,1.053999558929094,1.2336369922402388,-1.2749268460235692,-1.3237785186812099,0.0,1.0,0.0,0.0,1.0,0.0,0.0,0.0,0.0,0.0,0.0,0.0,0.0,1.0,1.0,0.0,0.0
C0356,Customer_0356,1.5884722082627436,0.6168220047876914,0.03492950263078275,-0.6772247146572652,1.0,0.0,0.0,0.0,0.0,0.0,0.0,0.0,1.0,0.0,0.0,0.0,0.0,1.0,1.0,0.0,0.0
C0357,Customer_0357,-0.09129897535729821,-0.40436984420381794,-0.8383080631387851,-0.5965809351244563,0.0,1.0,0.0,0.0,1.0,0.0,0.0,0.0,0.0,0.0,0.0,0.0,0.0,1.0,0.0,0.0,1.0
C0358,Customer_0358,-1.0838910384055047,-1.2672886229213196,-1.711545628908353,-1.4759995335297773,1.0,0.0,0.0,0.0,0.0,0.0,0.0,0.0,1.0,0.0,0.0,0.0,0.0,1.0,0.0,0.0,1.0
C0359,Customer_0359,-0.9311845671673191,1.1715832823434096,1.3447858512851347,-0.4476532692946819,1.0,0.0,0.0,0.0,0.0,1.0,0.0,0.0,0.0,0.0,0.0,1.0,0.0,0.0,1.0,0.0,0.0
C0360,Customer_0360,0.6722333808336299,-0.3776484167549595,-2.148164411793137,-1.6718098243069681,0.0,1.0,0.0,1.0,0.0,0.0,0.0,0.0,0.0,1.0,0.0,0.0,0.0,0.0,0.0,0.0,1.0
C0361,Customer_0361,-0.014945739738205406,-0.09754563671931647,-0.4016892802540012,-0.7938797630119091,0.0,1.0,0.0,0.0,0.0,0.0,1.0,0.0,0.0,0.0,0.0,0.0,0.0,1.0,0.0,0.0,1.0
C0362,Customer_0362,-1.389303980881876,0.30605347017456425,-0.8383080631387851,-0.6373913986463959,0.0,1.0,0.0,0.0,1.0,0.0,0.0,0.0,0.0,0.0,0.0,1.0,0.0,0.0,0.0,1.0,0.0
C0363,Customer_0363,-1.6183636877391545,-0.9907412926917617,-0.8383080631387851,-1.1636978390696837,0.0,1.0,0.0,0.0,1.0,0.0,0.0,0.0,0.0,1.0,0.0,0.0,0.0,0.0,1.0,0.0,0.0
C0364,Customer_0364,-1.312950745262783,-0.3597045060148737,-1.2749268460235692,-0.7812744027684536,1.0,0.0,0.0,0.0,0.0,0.0,1.0,0.0,0.0,1.0,0.0,0.0,0.0,0.0,1.0,0.0,0.0
C0365,Customer_0365,-0.39671191783366944,0.7877613649958773,-0.8383080631387851,-0.13913743137506457,0.0,1.0,0.0,0.0,0.0,0.0,0.0,0.0,1.0,0.0,0.0,0.0,0.0,1.0,1.0,0.0,0.0
C0366,Customer_0366,0.29046720273816584,0.6865421533288917,1.3447858512851347,1.8620024515583402,1.0,0.0,0.0,0.0,1.0,0.0,0.0,0.0,0.0,0.0,0.0,1.0,0.0,0.0,0.0,1.0,0.0
C0367,Customer_0367,1.5121189726436508,0.6955418856505446,0.4715482855155667,0.44169258136079004,0.0,1.0,0.0,0.0,0.0,1.0,0.0,0.0,0.0,0.0,0.0,0.0,0.0,1.0,0.0,0.0,1.0
C0368,Customer_0368,1.5884722082627436,-1.2326785412152097,-0.4016892802540012,0.29431953991255777,1.0,0.0,0.0,1.0,0.0,0.0,0.0,0.0,0.0,0.0,0.0,0.0,1.0,0.0,0.0,1.0,0.0
C0369,Customer_0369,0.0,-0.31409475147118804,0.4715482855155667,0.854876495430003,1.0,0.0,0.0,0.0,0.0,0.0,1.0,0.0,0.0,1.0,0.0,0.0,0.0,0.0,0.0,1.0,0.0
C0370,Customer_0370,1.3594125014054652,-0.47392333103535805,0.03492950263078275,-1.019994214683958,1.0,0.0,0.0,1.0,0.0,0.0,0.0,0.0,0.0,0.0,0.0,0.0,0.0,1.0,0.0,0.0,1.0
C0371,Customer_0371,0.6722333808336299,0.347607789783184,-1.711545628908353,-1.3785019263140759,0.0,1.0,0.0,0.0,1.0,0.0,0.0,0.0,0.0,1.0,0.0,0.0,0.0,0.0,1.0,0.0,0.0
C0372,Customer_0372,0.061407495880887404,0.2581104516956353,-0.8383080631387851,-0.20959590359843822,0.0,1.0,0.0,0.0,1.0,0.0,0.0,0.0,0.0,0.0,0.0,1.0,0.0,0.0,1.0,0.0,0.0
C0373,Customer_0373,1.2067060301672796,0.07789358964969596,-0.8383080631387851,-0.8533567336575676,0.0,1.0,0.0,0.0,0.0,0.0,1.0,0.0,0.0,0.0,1.0,0.0,0.0,0.0,0.0,0.0,1.0
C0374,Customer_0374,0.0,4.0420784513174974e-16,-0.8383080631387851,-1.2492855758968302,1.0,0.0,0.0,0.0,0.0,1.0,0.0,0.0,0.0,0.0,0.0,0.0,0.0,1.0,0.0,1.0,0.0
C0375,Customer_0375,-1.4656572165009687,-0.36837091491720614,1.7814046341699186,2.314223487370142,1.0,0.0,0.0,0.0,0.0,0.0,0.0,1.0,0.0,0.0,0.0,0.0,0.0,1.0,0.0,0.0,1.0
C0376,Customer_0376,-1.5420104521200615,-0.4853674350986945,-1.2749268460235692,-0.7385615699375216,0.0,0.0,1.0,0.0,0.0,0.0,1.0,0.0,0.0,1.0,0.0,0.0,0.0,0.0,0.0,0.0,1.0
C0377,Customer_0377,-1.5420104521200615,-1.234234050505372,-0.8383080631387851,-1.0894849804350153,0.0,1.0,0.0,0.0,0.0,0.0,0.0,1.0,0.0,0.0,0.0,1.0,0.0,0.0,1.0,0.0,0.0
C0378,Customer_0378,1.6648254438818364,-1.6153338265951203,0.03492950263078275,0.09903007977331292,1.0,0.0,0.0,0.0,0.0,0.0,0.0,0.0,1.0,0.0,0.0,0.0,1.0,0.0,1.0,0.0,0.0
C0379,Customer_0379,-0.16765221097639102,-1.2978432696923636,-0.4016892802540012,-0.8420809863720101,1.0,0.0,0.0,0.0,0.0,0.0,0.0,1.0,0.0,0.0,0.0,0.0,0.0,1.0,0.0,0.0,1.0
C0380,Customer_0380,-1.2365975096436903,-0.7961915236150418,-0.8383080631387851,-0.3774748812210195,0.0,1.0,0.0,0.0,0.0,1.0,0.0,0.0,0.0,0.0,0.0,0.0,0.0,1.0,0.0,0.0,1.0
C0381,Customer_0381,0.7485866164527227,1.2324703602726172,-0.8383080631387851,-0.9480660874278309,0.0,1.0,0.0,0.0,0.0,0.0,0.0,0.0,1.0,0.0,0.0,0.0,1.0,0.0,0.0,1.0,0.0
C0382,Customer_0382,-0.39671191783366944,-0.038380729789931345,-2.148164411793137,-1.6718098243069681,1.0,0.0,0.0,0.0,0.0,0.0,0.0,1.0,0.0,0.0,0.0,1.0,0.0,0.0,0.0,0.0,1.0
C0383,Customer_0383,1.2830592657863724,0.11578135164579048,-1.2749268460235692,-0.7020829696973486,1.0,0.0,0.0,0.0,0.0,0.0,0.0,0.0,1.0,0.0,1.0,0.0,0.0,0.0,0.0,0.0,1.0
C0384,Customer_0384,0.7485866164527227,-0.17382114584048622,0.9081670684003507,0.6259014090153999,1.0,0.0,0.0,0.0,0.0,0.0,0.0,1.0,0.0,1.0,0.0,0.0,0.0,0.0,0.0,1.0,0.0
C0385,Customer_0385,-0.549418389071855,0.28772068211193785,-0.4016892802540012,-0.030115462853275664,0.0,1.0,0.0,0.0,0.0,1.0,0.0,0.0,0.0,0.0,0.0,1.0,0.0,0.0,0.0,0.0,1.0
C0386,Customer_0386,-0.6257716246909479,1.3244676240050697,-0.8383080631387851,-0.7813279019880613,1.0,0.0,0.0,0.0,0.0,0.0,0.0,1.0,0.0,0.0,0.0,1.0,0.0,0.0,1.0,0.0,0.0
C0387,Customer_0387,-0.09129897535729821,-2.071431372031977,2.6546421999394867,1.1055549564342926,0.0,1.0,0.0,0.0,0.0,0.0,0.0,1.0,0.0,0.0,1.0,0.0,0.0,0.0,0.0,0.0,1.0
C0388,Customer_0388,-1.6947169233582473,1.1407508660562653,-1.2749268460235692,-0.8885843962627953,0.0,1.0,0.0,0.0,0.0,0.0,0.0,1.0,0.0,0.0,0.0,0.0,0.0,1.0,0.0,1.0,0.0
C0389,Customer_0389,0.0,-2.299702360363285,0.4715482855155667,-0.5217827320870209,0.0,1.0,0.0,0.0,0.0,0.0,1.0,0.0,0.0,1.0,0.0,0.0,0.0,0.0,0.0,0.0,1.0
C0390,Customer_0390,0.7485866164527227,-0.04932484872428709,2.6546421999394867,1.4560220500586614,1.0,0.0,0.0,0.0,0.0,0.0,1.0,0.0,0.0,0.0,0.0,0.0,0.0,1.0,0.0,0.0,1.0
C0391,Customer_0391,0.9776463233100011,2.114277466084946,-0.8383080631387851,-1.0277421604883237,1.0,0.0,0.0,0.0,0.0,0.0,1.0,0.0,0.0,0.0,0.0,0.0,1.0,0.0,0.0,0.0,1.0
C0392,Customer_0392,-0.9311845671673191,0.6031001906923317,0.03492950263078275,0.4356235669482314,1.0,0.0,0.0,0.0,0.0,1.0,0.0,0.0,0.0,0.0,0.0,1.0,0.0,0.0,0.0,0.0,1.0
C0393,Customer_0393,1.6648254438818364,0.29549822856274904,0.4715482855155667,1.49033707891764,0.0,1.0,0.0,0.0,0.0,0.0,0.0,0.0,1.0,1.0,0.0,0.0,0.0,0.0,0.0,0.0,1.0
C0394,Customer_0394,-0.014945739738205406,1.9243386709754928,-0.4016892802540012,0.5234708590505747,1.0,0.0,0.0,0.0,1.0,0.0,0.0,0.0,0.0,0.0,0.0,1.0,0.0,0.0,0.0,0.0,1.0
C0395,Customer_0395,-1.2365975096436903,-0.7805808768101993,-0.8383080631387851,-0.7202727043639751,0.0,1.0,0.0,0.0,0.0,0.0,0.0,1.0,0.0,0.0,0.0,0.0,0.0,1.0,1.0,0.0,0.0
C0396,Customer_0396,-1.6183636877391545,0.35638530649195665,2.2180234170547024,0.6598623989210918,1.0,0.0,0.0,1.0,0.0,0.0,0.0,0.0,0.0,0.0,0.0,1.0,0.0,0.0,0.0,0.0,1.0
C0397,Customer_0397,-0.8548313315482263,0.5005476853480642,-1.2749268460235692,-1.0437793383189686,0.0,1.0,0.0,0.0,0.0,1.0,0.0,0.0,0.0,0.0,0.0,1.0,0.0,0.0,1.0,0.0,0.0
C0398,Customer_0398,0.9012930876909083,-0.5999195835384993,-0.4016892802540012,0.27155090145009386,0.0,1.0,0.0,0.0,0.0,0.0,0.0,1.0,0.0,0.0,0.0,0.0,1.0,0.0,0.0,0.0,1.0
C0399,Customer_0399,0.6722333808336299,-0.5116444313217923,0.9081670684003507,-0.1779998939006994,0.0,1.0,0.0,0.0,0.0,0.0,1.0,0.0,0.0,0.0,1.0,0.0,0.0,0.0,0.0,1.0,0.0
C0400,Customer_0400,-1.0838910384055047,-0.62130783627823,0.4715482855155667,1.5104417709449312,0.0,1.0,0.0,0.0,1.0,0.0,0.0,0.0,0.0,0.0,1.0,0.0,0.0,0.0,0.0,0.0,1.0
C0401,Customer_0401,1.2067060301672796,0.00978450430187796,0.9081670684003507,0.22603722712205154,1.0,0.0,0.0,1.0,0.0,0.0,0.0,0.0,0.0,0.0,0.0,1.0,0.0,0.0,0.0,0.0,1.0
C0402,Customer_0402,-1.6947169233582473,0.4691041761254989,0.03492950263078275,1.0516702277441003,1.0,0.0,0.0,0.0,0.0,0.0,0.0,1.0,0.0,0.0,0.0,0.0,1.0,0.0,1.0,0.0,0.0
C0403,Customer_0403,0.21411396711907302,0.0456723257820496,0.9081670684003507,1.7033158986695331,0.0,1.0,0.0,0.0,0.0,0.0,1.0,0.0,0.0,0.0,0.0,1.0,0.0,0.0,1.0,0.0,0.0
C0404,Customer_0404,0.29046720273816584,0.6318771125603331,-1.711545628908353,-1.202410818481709,1.0,0.0,0.0,1.0,0.0,0.0,0.0,0.0,0.0,0.0,0.0,1.0,0.0,0.0,1.0,0.0,0.0
C0405,Customer_0405,-1.2365975096436903,-2.046654331195821,0.4715482855155667,-0.10616145651273849,0.0,1.0,0.0,0.0,1.0,0.0,0.0,0.0,0.0,1.0,0.0,0.0,0.0,0.0,1.0,0.0,0.0
C0406,Customer_0406,-1.6947169233582473,-0.29581751731178174,0.03492950263078275,-1.0237627626533845,1.0,0.0,0.0,1.0,0.0,0.0,0.0,0.0,0.0,1.0,0.0,0.0,0.0,0.0,0.0,0.0,1.0
C0407,Customer_0407,-0.014945739738205406,-1.1009602366804003,4.4011173314786225,2.651616315826259,1.0,0.0,0.0,0.0,0.0,0.0,1.0,0.0,0.0,0.0,0.0,0.0,1.0,0.0,0.0,0.0,1.0
C0408,Customer_0408,0.6722333808336299,0.22416701682816642,0.4715482855155667,-0.14719063743248625,1.0,0.0,0.0,0.0,0.0,0.0,0.0,0.0,1.0,0.0,0.0,0.0,0.0,1.0,0.0,0.0,1.0
C0409,Customer_0409,-1.007537802786412,0.20938967857162516,-0.8383080631387851,-1.2465036164772285,0.0,1.0,0.0,0.0,0.0,0.0,0.0,0.0,1.0,1.0,0.0,0.0,0.0,0.0,1.0,0.0,0.0
C0410,Customer_0410,1.2830592657863724,-0.19315390416107403,-1.2749268460235692,-0.9906435987032847,1.0,0.0,0.0,1.0,0.0,0.0,0.0,0.0,0.0,0.0,0.0,0.0,0.0,1.0,1.0,0.0,0.0
C0411,Customer_0411,-1.2365975096436903,4.0420784513174974e-16,0.03492950263078275,-0.18627496436884722,1.0,0.0,0.0,0.0,0.0,1.0,0.0,0.0,0.0,0.0,1.0,0.0,0.0,0.0,0.0,1.0,0.0
C0412,Customer_0412,-0.7784780959291335,0.9202574241757681,0.9081670684003507,1.096478971178488,0.0,1.0,0.0,1.0,0.0,0.0,0.0,0.0,0.0,1.0,0.0,0.0,0.0,0.0,1.0,0.0,0.0
C0413,Customer_0413,1.1303527945481868,-0.13804443216675474,-0.8383080631387851,-0.5024411906923694,0.0,1.0,0.0,0.0,0.0,0.0,0.0,1.0,0.0,1.0,0.0,0.0,0.0,0.0,0.0,0.0,1.0
C0414,Customer_0414,-0.014945739738205406,-1.1292371734194209,-0.8383080631387851,-1.1402714749073366,1.0,0.0,0.0,0.0,0.0,0.0,0.0,1.0,0.0,0.0,0.0,0.0,1.0,0.0,0.0,0.0,1.0
C0415,Customer_0415,-1.5420104521200615,-1.658776978913223,-0.4016892802540012,0.4919550981822475,1.0,0.0,0.0,0.0,0.0,0.0,0.0,0.0,1.0,0.0,0.0,0.0,0.0,1.0,0.0,0.0,1.0
C0416,Customer_0416,-1.0838910384055047,-0.04143619446703574,-1.2749268460235692,-1.2612143283628936,1.0,0.0,0.0,0.0,0.0,1.0,0.0,0.0,0.0,1.0,0.0,0.0,0.0,0.0,0.0,0.0,1.0
C0417,Customer_0417,0.6722333808336299,0.16433546306014032,-0.8383080631387851,-0.7266485525360485,1.0,0.0,0.0,1.0,0.0,0.0,0.0,0.0,0.0,1.0,0.0,0.0,0.0,0.0,1.0,0.0,0.0
C0418,Customer_0418,-0.09129897535729821,-1.0470173966537026,0.03492950263078275,-0.005530997937067109,1.0,0.0,0.0,0.0,0.0,0.0,0.0,1.0,0.0,0.0,0.0,0.0,1.0,0.0,0.0,0.0,1.0
C0419,Customer_0419,-0.7784780959291335,0.6482099601070366,0.9081670684003507,1.6273438598136458,0.0,1.0,0.0,0.0,0.0,0.0,0.0,0.0,1.0,0.0,0.0,0.0,0.0,1.0,0.0,1.0,0.0
C0420,Customer_0420,0.9776463233100011,-0.536477026061168,0.03492950263078275,-0.8316203154322408,0.0,1.0,0.0,0.0,1.0,0.0,0.0,0.0,0.0,0.0,0.0,0.0,0.0,1.0,0.0,0.0,1.0
C0421,Customer_0421,-1.312950745262783,-1.733941409969991,0.9081670684003507,0.48411116848387953,0.0,1.0,0.0,0.0,0.0,0.0,0.0,0.0,1.0,0.0,1.0,0.0,0.0,0.0,0.0,0.0,1.0
C0422,Customer_0422,-1.5420104521200615,1.1788608436652401,-1.2749268460235692,-0.8860148602151655,1.0,0.0,0.0,0.0,0.0,0.0,0.0,1.0,0.0,0.0,1.0,0.0,0.0,0.0,0.0,0.0,1.0
C0423,Customer_0423,0.061407495880887404,1.0664197435477982,0.4715482855155667,-0.3680779006475684,0.0,1.0,0.0,0.0,0.0,0.0,0.0,1.0,0.0,0.0,0.0,1.0,0.0,0.0,0.0,0.0,1.0
C0424,Customer_0424,-0.549418389071855,-2.093097394287808,-0.4016892802540012,-0.10197750283812257,1.0,0.0,0.0,0.0,0.0,0.0,0.0,0.0,1.0,1.0,0.0,0.0,0.0,0.0,0.0,0.0,1.0
C0425,Customer_0425,-1.4656572165009687,-0.6401406094698372,-1.2749268460235692,-0.6352168127199879,1.0,0.0,0.0,0.0,0.0,0.0,1.0,0.0,0.0,0.0,0.0,0.0,0.0,1.0,0.0,0.0,1.0
C0426,Customer_0426,0.9012930876909083,-0.6791394495303333,0.4715482855155667,1.62622667022772,1.0,0.0,0.0,1.0,0.0,0.0,0.0,0.0,0.0,1.0,0.0,0.0,0.0,0.0,0.0,0.0,1.0
C0427,Customer_0427,-0.9311845671673191,1.5619050063676911,-0.8383080631387851,-1.2528086568586447,0.0,1.0,0.0,0.0,0.0,0.0,0.0,1.0,0.0,0.0,0.0,0.0,0.0,1.0,1.0,0.0,0.0
C0428,Customer_0428,0.21411396711907302,-0.17682105661437053,-0.8383080631387851,-0.9939023305799787,1.0,0.0,0.0,0.0,0.0,0.0,0.0,0.0,1.0,0.0,0.0,0.0,0.0,1.0,0.0,1.0,0.0
C0429,Customer_0429,-1.5420104521200615,4.0420784513174974e-16,-0.4016892802540012,-0.6409553907761459,0.0,1.0,0.0,0.0,0.0,0.0,0.0,0.0,1.0,0.0,0.0,0.0,0.0,1.0,0.0,0.0,1.0
C0430,Customer_0430,-0.9311845671673191,0.8045386437683415,-0.4016892802540012,-0.49001835719816367,1.0,0.0,0.0,0.0,0.0,1.0,0.0,0.0,0.0,1.0,0.0,0.0,0.0,0.0,0.0,0.0,1.0
C0431,Customer_0431,-0.6257716246909479,-1.3082874034977385,0.03492950263078275,-0.5277966737735127,0.0,1.0,0.0,1.0,0.0,0.0,0.0,0.0,0.0,0.0,0.0,0.0,1.0,0.0,0.0,0.0,1.0
C0432,Customer_0432,1.1303527945481868,-0.33787182204938226,-0.4016892802540012,-0.8224829634245332,0.0,1.0,0.0,0.0,1.0,0.0,0.0,0.0,0.0,1.0,0.0,0.0,0.0,0.0,0.0,0.0,1.0
C0433,Customer_0433,1.5121189726436508,-0.8473011145775152,0.4715482855155667,1.5167074736648711,1.0,0.0,0.0,0.0,0.0,0.0,1.0,0.0,0.0,0.0,0.0,0.0,0.0,1.0,1.0,0.0,0.0
C0434,Customer_0434,0.5195269095954442,-0.6379740072442541,-0.4016892802540012,0.3926353704869657,1.0,0.0,0.0,0.0,1.0,0.0,0.0,0.0,0.0,0.0,0.0,1.0,0.0,0.0,1.0,0.0,0.0
C0435,Customer_0435,0.0,0.8597036696658809,0.9081670684003507,-0.6508936575715103,0.0,1.0,0.0,1.0,0.0,0.0,0.0,0.0,0.0,0.0,1.0,0.0,0.0,0.0,1.0,0.0,0.0
C0436,Customer_0436,-1.6947169233582473,1.4437418542185811,1.7814046341699186,0.7566078700493668,1.0,0.0,0.0,1.0,0.0,0.0,0.0,0.0,0.0,0.0,0.0,0.0,0.0,1.0,0.0,0.0,1.0
C0437,Customer_0437,1.1303527945481868,-1.3518972175255013,-0.8383080631387851,-0.7777906594681154,1.0,0.0,0.0,1.0,0.0,0.0,0.0,0.0,0.0,0.0,0.0,1.0,0.0,0.0,0.0,0.0,1.0
C0438,Customer_0438,0.6722333808336299,0.548490703826993,-0.4016892802540012,-0.7621090940972158,1.0,0.0,0.0,0.0,1.0,0.0,0.0,0.0,0.0,0.0,0.0,0.0,1.0,0.0,1.0,0.0,0.0
C0439,Customer_0439,1.1303527945481868,-0.8103022150329421,-0.8383080631387851,-0.49264453947831943,1.0,0.0,0.0,1.0,0.0,0.0,0.0,0.0,0.0,0.0,0.0,0.0,0.0,1.0,0.0,0.0,1.0
C0440,Customer_0440,0.13776073149998022,-0.7791920292296972,-0.4016892802540012,-0.08003338176020096,1.0,0.0,0.0,0.0,0.0,0.0,0.0,0.0,1.0,0.0,0.0,1.0,0.0,0.0,0.0,0.0,1.0
C0441,Customer_0441,-0.9311845671673191,0.4130502877764382,0.03492950263078275,0.7642629789726485,0.0,1.0,0.0,0.0,1.0,0.0,0.0,0.0,0.0,0.0,0.0,0.0,0.0,1.0,1.0,0.0,0.0
C0442,Customer_0442,1.5121189726436508,-1.1054045489380067,-1.2749268460235692,-0.7905376352928855,0.0,1.0,0.0,1.0,0.0,0.0,0.0,0.0,0.0,1.0,0.0,0.0,0.0,0.0,0.0,0.0,1.0
C0443,Customer_0443,0.595880145214537,0.39305088261720944,0.03492950263078275,0.11014532940004718,0.0,1.0,0.0,0.0,0.0,0.0,0.0,0.0,1.0,0.0,0.0,1.0,0.0,0.0,0.0,0.0,1.0
C0444,Customer_0444,-1.4656572165009687,4.0420784513174974e-16,2.2180234170547024,2.363737015117092,1.0,0.0,0.0,0.0,0.0,1.0,0.0,0.0,0.0,1.0,0.0,0.0,0.0,0.0,0.0,0.0,1.0
C0445,Customer_0445,-0.09129897535729821,-0.51008892203163,0.03492950263078275,-0.46039080408069755,1.0,0.0,0.0,1.0,0.0,0.0,0.0,0.0,0.0,1.0,0.0,0.0,0.0,0.0,0.0,0.0,1.0
C0446,Customer_0446,-0.4730651534527623,1.2494698546579617,0.03492950263078275,0.21738294159727253,0.0,1.0,0.0,0.0,1.0,0.0,0.0,0.0,0.0,0.0,0.0,1.0,0.0,0.0,0.0,0.0,1.0
C0447,Customer_0447,-0.7021248603100407,-1.350341708235339,0.9081670684003507,0.6642808050581062,0.0,1.0,0.0,0.0,0.0,0.0,0.0,1.0,0.0,0.0,1.0,0.0,0.0,0.0,0.0,0.0,1.0
C0448,Customer_0448,1.1303527945481868,1.2678026427205882,0.03492950263078275,-0.7591524754606596,1.0,0.0,0.0,1.0,0.0,0.0,0.0,0.0,0.0,0.0,0.0,1.0,0.0,0.0,0.0,1.0,0.0
C0449,Customer_0449,0.21411396711907302,-2.0214884130371247,0.9081670684003507,-0.06933668485157417,0.0,1.0,0.0,0.0,0.0,0.0,0.0,1.0,0.0,0.0,1.0,0.0,0.0,0.0,0.0,1.0,0.0
C0450,Customer_0450,0.595880145214537,2.622095695419697,-0.8383080631387851,-0.9223927560419592,1.0,0.0,0.0,0.0,0.0,0.0,0.0,0.0,1.0,0.0,0.0,0.0,0.0,1.0,0.0,0.0,1.0
C0451,Customer_0451,1.2067060301672796,-0.4837563719053122,-0.8383080631387851,-0.11609814980164378,1.0,0.0,0.0,0.0,0.0,1.0,0.0,0.0,0.0,0.0,0.0,0.0,0.0,1.0,1.0,0.0,0.0
C0452,Customer_0452,-0.9311845671673191,-1.2398449947306,0.4715482855155667,-0.3292532022769507,1.0,0.0,0.0,0.0,0.0,0.0,1.0,0.0,0.0,0.0,0.0,1.0,0.0,0.0,0.0,0.0,1.0
C0453,Customer_0453,1.3594125014054652,-0.31020597824578244,-0.4016892802540012,-0.6767510892130909,0.0,1.0,0.0,0.0,0.0,1.0,0.0,0.0,0.0,0.0,0.0,0.0,0.0,1.0,0.0,1.0,0.0
C0454,Customer_0454,1.5121189726436508,-1.1240151065167334,-0.4016892802540012,-0.5406128838824809,1.0,0.0,0.0,1.0,0.0,0.0,0.0,0.0,0.0,0.0,0.0,0.0,1.0,0.0,0.0,1.0,0.0
C0455,Customer_0455,-0.014945739738205406,0.30938670436776905,-1.2749268460235692,-0.85607103229943,1.0,0.0,0.0,0.0,0.0,0.0,0.0,1.0,0.0,1.0,0.0,0.0,0.0,0.0,1.0,0.0,0.0
C0456,Customer_0456,1.2830592657863724,1.2900797579118402,-1.2749268460235692,-1.3195819769549215,1.0,0.0,0.0,0.0,0.0,0.0,0.0,1.0,0.0,1.0,0.0,0.0,0.0,0.0,0.0,0.0,1.0
C0457,Customer_0457,0.8249398520718155,-1.070961128941557,-0.8383080631387851,-0.07832612725213114,1.0,0.0,0.0,0.0,1.0,0.0,0.0,0.0,0.0,0.0,1.0,0.0,0.0,0.0,0.0,0.0,1.0
C0458,Customer_0458,0.13776073149998022,0.5018254251221259,-0.4016892802540012,0.3026528301196906,1.0,0.0,0.0,0.0,0.0,0.0,0.0,1.0,0.0,0.0,0.0,0.0,0.0,1.0,0.0,1.0,0.0
C0459,Customer_0459,0.9776463233100011,-1.610222867498873,0.4715482855155667,0.554843430831128,1.0,0.0,0.0,0.0,1.0,0.0,0.0,0.0,0.0,0.0,1.0,0.0,0.0,0.0,1.0,0.0,0.0
C0460,Customer_0460,-1.389303980881876,0.9553674910108585,-0.4016892802540012,-0.022836421973706958,0.0,1.0,0.0,0.0,0.0,0.0,0.0,0.0,1.0,0.0,0.0,0.0,0.0,1.0,0.0,0.0,1.0
C0461,Customer_0461,-1.5420104521200615,0.33866361136475115,0.03492950263078275,-1.0070159334097075,1.0,0.0,0.0,0.0,0.0,0.0,1.0,0.0,0.0,1.0,0.0,0.0,0.0,0.0,0.0,0.0,1.0
C0462,Customer_0462,1.3594125014054652,0.9985884277160807,-0.4016892802540012,-0.5922899830106249,1.0,0.0,0.0,1.0,0.0,0.0,0.0,0.0,0.0,0.0,0.0,0.0,0.0,1.0,0.0,1.0,0.0
C0463,Customer_0463,1.5121189726436508,-0.1998759264507037,0.03492950263078275,0.6477605607445326,0.0,1.0,0.0,0.0,1.0,0.0,0.0,0.0,0.0,0.0,0.0,0.0,1.0,0.0,0.0,0.0,1.0
C0464,Customer_0464,0.44317367397635143,-0.5126999554829739,1.3447858512851347,-0.4014189290083943,1.0,0.0,0.0,0.0,0.0,0.0,1.0,0.0,0.0,0.0,0.0,0.0,1.0,0.0,1.0,0.0,0.0
C0465,Customer_0465,-0.16765221097639102,0.7385406067428866,-0.4016892802540012,-0.6885272115526266,1.0,0.0,0.0,0.0,0.0,0.0,0.0,1.0,0.0,0.0,0.0,0.0,0.0,1.0,1.0,0.0,0.0
C0466,Customer_0466,1.2830592657863724,-1.3855628828768698,-1.2749268460235692,-0.922726339411278,1.0,0.0,0.0,0.0,0.0,0.0,0.0,1.0,0.0,0.0,0.0,0.0,0.0,1.0,0.0,0.0,1.0
C0467,Customer_0467,-1.1602442740245975,-1.8203277294772153,-1.2749268460235692,-1.2021763660193103,0.0,1.0,0.0,0.0,0.0,0.0,1.0,0.0,0.0,0.0,1.0,0.0,0.0,0.0,1.0,0.0,0.0
C0468,Customer_0468,0.5195269095954442,-0.08249052894667482,-0.8383080631387851,-0.10377602072081761,0.0,1.0,0.0,0.0,0.0,0.0,0.0,1.0,0.0,0.0,0.0,0.0,0.0,1.0,0.0,1.0,0.0
C0469,Customer_0469,1.3594125014054652,-0.46714575484250825,0.4715482855155667,-0.5824477001092627,0.0,0.0,1.0,0.0,0.0,0.0,0.0,0.0,1.0,0.0,0.0,0.0,1.0,0.0,0.0,0.0,1.0
C0470,Customer_0470,0.36682043835725864,0.4762706296408892,-0.4016892802540012,0.18679397603332643,1.0,0.0,0.0,0.0,0.0,0.0,0.0,0.0,1.0,0.0,0.0,0.0,0.0,1.0,0.0,0.0,1.0
C0471,Customer_0471,1.053999558929094,1.013976858908043,-0.8383080631387851,-0.6467679236358793,0.0,1.0,0.0,0.0,0.0,0.0,1.0,0.0,0.0,0.0,1.0,0.0,0.0,0.0,0.0,0.0,1.0
C0472,Customer_0472,0.44317367397635143,0.4554379159333592,-0.4016892802540012,0.10681421622623677,1.0,0.0,0.0,0.0,1.0,0.0,0.0,0.0,0.0,0.0,1.0,0.0,0.0,0.0,1.0,0.0,0.0
C0473,Customer_0473,-0.549418389071855,0.9343125616904482,-0.8383080631387851,-0.8981497420273648,1.0,0.0,0.0,0.0,1.0,0.0,0.0,0.0,0.0,0.0,1.0,0.0,0.0,0.0,0.0,0.0,1.0
C0474,Customer_0474,0.8249398520718155,0.24349977514875423,1.3447858512851347,1.0838688904156555,1.0,0.0,0.0,0.0,0.0,0.0,1.0,0.0,0.0,0.0,1.0,0.0,0.0,0.0,0.0,0.0,1.0
C0475,Customer_0475,0.0,0.41705016880828394,-0.4016892802540012,0.28780679667854686,1.0,0.0,0.0,0.0,1.0,0.0,0.0,0.0,0.0,0.0,0.0,1.0,0.0,0.0,0.0,0.0,1.0
C0476,Customer_0476,-0.8548313315482263,-0.19420942832225557,1.3447858512851347,0.9220479126604195,0.0,1.0,0.0,0.0,1.0,0.0,0.0,0.0,0.0,0.0,0.0,0.0,0.0,1.0,0.0,0.0,1.0
C0477,Customer_0477,-0.9311845671673191,0.3874954922952014,-0.4016892802540012,-0.5569852185889037,0.0,1.0,0.0,0.0,0.0,0.0,0.0,0.0,1.0,1.0,0.0,0.0,0.0,0.0,0.0,0.0,1.0
C0478,Customer_0478,0.29046720273816584,0.0891154781001521,-0.4016892802540012,-0.25715198931032834,0.0,1.0,0.0,0.0,1.0,0.0,0.0,0.0,0.0,0.0,0.0,0.0,0.0,1.0,0.0,1.0,0.0
C0479,Customer_0479,-1.007537802786412,0.24761076398704016,-1.711545628908353,-1.2411599885422921,1.0,0.0,0.0,0.0,0.0,1.0,0.0,0.0,0.0,0.0,0.0,1.0,0.0,0.0,1.0,0.0,0.0
C0480,Customer_0480,1.053999558929094,-0.24426349512354759,-0.8383080631387851,-0.7288294324882929,0.0,1.0,0.0,1.0,0.0,0.0,0.0,0.0,0.0,0.0,1.0,0.0,0.0,0.0,0.0,0.0,1.0
C0481,Customer_0481,-1.77107015897734,0.7313741532274962,1.3447858512851347,2.5262644972724417,0.0,1.0,0.0,0.0,0.0,0.0,0.0,1.0,0.0,0.0,0.0,1.0,0.0,0.0,0.0,0.0,1.0
C0482,Customer_0482,0.0,-0.7879695459384699,0.4715482855155667,-0.1646864557506711,0.0,1.0,0.0,0.0,0.0,1.0,0.0,0.0,0.0,0.0,0.0,0.0,1.0,0.0,1.0,0.0,0.0
C0483,Customer_0483,-0.9311845671673191,-0.09587901962271407,0.4715482855155667,0.29546819962766496,1.0,0.0,0.0,0.0,1.0,0.0,0.0,0.0,0.0,0.0,0.0,0.0,1.0,0.0,1.0,0.0,0.0
C0484,Customer_0484,1.5884722082627436,1.2341925312724398,1.7814046341699186,2.3553187555611705,1.0,0.0,0.0,0.0,0.0,0.0,0.0,0.0,1.0,0.0,0.0,0.0,0.0,1.0,0.0,1.0,0.0
C0485,Customer_0485,0.13776073149998022,-1.0262402368493928,-0.4016892802540012,0.0027959982442293603,0.0,1.0,0.0,0.0,0.0,0.0,1.0,0.0,0.0,0.0,0.0,0.0,0.0,1.0,1.0,0.0,0.0
C0486,Customer_0486,1.2067060301672796,-2.2393152675630583,-0.8383080631387851,-0.19342340421231471,0.0,1.0,0.0,0.0,1.0,0.0,0.0,0.0,0.0,1.0,0.0,0.0,0.0,0.0,0.0,1.0,0.0
C0487,Customer_0487,-0.6257716246909479,0.28888731407955953,1.3447858512851347,2.7231636545192957,1.0,0.0,0.0,0.0,0.0,0.0,0.0,0.0,1.0,1.0,0.0,0.0,0.0,0.0,0.0,1.0,0.0
C0488,Customer_0488,1.1303527945481868,-0.3344830339529574,-0.8383080631387851,-0.7501205483857083,0.0,1.0,0.0,1.0,0.0,0.0,0.0,0.0,0.0,0.0,0.0,0.0,1.0,0.0,0.0,0.0,1.0
C0489,Customer_0489,0.44317367397635143,0.9333125914324868,-1.2749268460235692,-1.3256053596801678,0.0,1.0,0.0,1.0,0.0,0.0,0.0,0.0,0.0,0.0,0.0,0.0,0.0,1.0,1.0,0.0,0.0
C0490,Customer_0490,0.6722333808336299,-0.20804235022405546,-1.2749268460235692,-1.3942039472689431,0.0,1.0,0.0,0.0,0.0,0.0,1.0,0.0,0.0,0.0,0.0,1.0,0.0,0.0,0.0,0.0,1.0
C0491,Customer_0491,-0.09129897535729821,-0.6818615907881173,0.9081670684003507,1.3710322456859547,0.0,1.0,0.0,0.0,0.0,0.0,0.0,0.0,1.0,1.0,0.0,0.0,0.0,0.0,0.0,0.0,1.0
C0492,Customer_0492,1.5121189726436508,-0.1533773094554968,0.03492950263078275,0.8142013534635416,0.0,1.0,0.0,1.0,0.0,0.0,0.0,0.0,0.0,1.0,0.0,0.0,0.0,0.0,0.0,0.0,1.0
C0493,Customer_0493,0.7485866164527227,1.015476814294985,0.4715482855155667,-0.35391319550319367,1.0,0.0,0.0,0.0,0.0,0.0,0.0,0.0,1.0,0.0,1.0,0.0,0.0,0.0,1.0,0.0,0.0
C0494,Customer_0494,-1.4656572165009687,0.4978255440902802,0.03492950263078275,-0.7058263415634303,0.0,1.0,0.0,1.0,0.0,0.0,0.0,0.0,0.0,0.0,1.0,0.0,0.0,0.0,0.0,0.0,1.0
C0495,Customer_0495,-0.4730651534527623,-2.299702360363285,1.7814046341699186,-0.3010370844532531,1.0,0.0,0.0,0.0,1.0,0.0,0.0,0.0,0.0,0.0,0.0,0.0,0.0,1.0,0.0,0.0,1.0
C0496,Customer_0496,0.0,0.1082260208078596,-0.4016892802540012,0.22980262807855997,0.0,1.0,0.0,1.0,0.0,0.0,0.0,0.0,0.0,0.0,0.0,1.0,0.0,0.0,0.0,0.0,1.0
C0497,Customer_0497,-1.389303980881876,0.15822453370593154,0.03492950263078275,-0.38095862452135776,1.0,0.0,0.0,0.0,0.0,0.0,0.0,1.0,0.0,0.0,1.0,0.0,0.0,0.0,1.0,0.0,0.0
C0498,Customer_0498,-1.1602442740245975,-0.09576791181627392,0.9081670684003507,0.40397091101796695,1.0,0.0,0.0,0.0,0.0,0.0,0.0,1.0,0.0,1.0,0.0,0.0,0.0,0.0,1.0,0.0,0.0
C0499,Customer_0499,1.2067060301672796,-0.6884169513680867,-0.8383080631387851,-0.6533923858284829,0.0,1.0,0.0,0.0,1.0,0.0,0.0,0.0,0.0,1.0,0.0,0.0,0.0,0.0,0.0,0.0,1.0
C0500,Customer_0500,0.0,1.116973795478071,1.3447858512851347,2.188346117659002,1.0,0.0,0.0,1.0,0.0,0.0,0.0,0.0,0.0,0.0,0.0,0.0,1.0,0.0,0.0,0.0,1.0
